symbol,query_symbol,current_sector,suggested_sector,status,coingecko_id,coingecko_name,coingecko_categories,coinpaprika_id,coinpaprika_name,coinpaprika_tags,applied_decision
AI16Z,AI16Z,AI,AI,OK,ai16z,ai16z,Artificial Intelligence (AI); Solana Ecosystem; Meme; Solana Token-2022; AI Agents; Binance Alpha Spotlight; AI Framework; Made in USA,ai16z-ai16z,ai16z,Solana (SOL) Token; AI Agents,
AIXBT,AIXBT,AI,AI,OK,aixbt,aixbt,Artificial Intelligence (AI); Solana Ecosystem; Meme; Ethereum Ecosystem; Base Ecosystem; AI Meme; AI Agents; Virtuals Protocol Ecosystem; Binance Alpha Spotlight; DeFAI; Base Native,aixbt-aixbt-by-virtuals,aixbt by Virtuals,Base Ecosystem; Meme Coin; AI Agents; Solana (SOL) Token,
ARKM,ARKM,AI,AI,OK,arkham,Arkham,Artificial Intelligence (AI); Exchange-based Tokens; Analytics; Derivatives; Perpetuals; Centralized Exchange (CEX) Token; Ethereum Ecosystem; Binance Launchpad; Coinbase Ventures Portfolio; YZi Labs (Prev. Binance Labs) Portfolio; Made in USA; Governance,arkm-arkham,Arkham,Ethereum (ETH) Token (ERC-20); AI (Artificial Intelligence); Marketplace; Governance; Binance Launchpad; Made in USA,
BLUAI,BLUAI,AI,AI,OK,bluwhale,Bluwhale,Artificial Intelligence (AI); BNB Chain Ecosystem; Decentralized Identifier (DID); Sui Ecosystem; Binance Alpha Spotlight,bluai-bluwhale,Bluwhale,Recently Added; Binance Coin (BNB) Token (BEP-20); AI Agents; Sui Ecosystem,
COAI,COAI,AI,AI,OK,chainopera-ai,ChainOpera AI,Artificial Intelligence (AI); BNB Chain Ecosystem; AI Applications; Binance Alpha Spotlight; AI Framework,coai-chainopera-ai,ChainOpera AI,Binance Coin (BNB) Token (BEP-20); Recently Added,
FET,FET,AI,AI,OK,fetch-ai,Artificial Superintelligence Alliance,Outlier Ventures Portfolio; Osmosis Ecosystem; GMCI DePIN Index; BNB Chain Ecosystem; Binance Launchpad; DWF Labs Portfolio; NFT; Cardano Ecosystem; GMCI Index; AI Agents; Artificial Intelligence (AI); AI Agent Launchpad; Ethereum Ecosystem; Governance,fet-artificial-superintelligence-alliance,Artificial Superintelligence Alliance,AI (Artificial Intelligence); Ethereum (ETH) Token (ERC-20); Binance Coin (BNB) Token (BEP-20); NFT Token; Web3; Binance Launchpad; AI Agents,
FLOCK,FLOCK,AI,AI,OK,flock-2,FLOCK,Artificial Intelligence (AI); Base Ecosystem; AI Applications; Binance Alpha Spotlight; x402 Ecosystem; Base Native,flock-flockio,FLock.io,Base Ecosystem; x402 Ecosystem,
GRIFFAIN,GRIFFAIN,AI,AI,OK,griffain,GRIFFAIN,Artificial Intelligence (AI); Solana Ecosystem; Meme; AI Meme; Pump.fun Ecosystem; AI Agent Launchpad; Binance Alpha Spotlight; DeFAI,griffain-griffain,Griffain,Solana (SOL) Token; AI (Artificial Intelligence); AI Agents,
IO,IO,AI,AI,OK,io,io.net,Artificial Intelligence (AI); Internet of Things (IOT); Binance Launchpool; Solana Ecosystem; DePIN; Animoca Brands Portfolio; Multicoin Capital Portfolio; Delphi Ventures Portfolio; OKX Ventures Portfolio; Made in USA,io-ionet,io.net,Solana (SOL) Token; AI (Artificial Intelligence); Made in USA,
KAITO,KAITO,AI,AI,OK,kaito,KAITO,Artificial Intelligence (AI); Analytics; Launchpad; Base Ecosystem; Binance HODLer Airdrops; InfoFi; Governance; Base Native,kaito-kaito,KAITO,Base Ecosystem; AI (Artificial Intelligence),
KITE,KITE,AI,AI,OK,kite-2,Kite,Artificial Intelligence (AI); BNB Chain Ecosystem; Layer 1 (L1); Avalanche Ecosystem; Ethereum Ecosystem; AI Agents; Binance Alpha Spotlight,kite-kite-ai,Kite,Avalanche (AVAX) Token; Binance Coin (BNB) Token (BEP-20); Ethereum (ETH) Token (ERC-20); AI Agents; Layer 1 (L1); Recently Added,
RENDER,RENDER,AI,AI,OK,render-token,Render,GMCI 30 Index; GMCI DePIN Index; Solana Ecosystem; Alameda Research Portfolio; NFT; Metaverse; DePIN; Made in USA; Coinbase 50 Index; GMCI Index; Multicoin Capital Portfolio; Artificial Intelligence (AI); Ethereum Ecosystem,render-render,Render,Ethereum (ETH) Token (ERC-20); Polygon (MATIC) Token; Solana (SOL) Token; AI (Artificial Intelligence); NFT Token; Metaverse; Web3; Multicoin Capital Portfolio; DePIN; Made in USA,
SAHARA,SAHARA,AI,AI,OK,sahara-ai,Sahara AI,Artificial Intelligence (AI); BNB Chain Ecosystem; Ethereum Ecosystem; Binance HODLer Airdrops; Governance; Buidlpad Launchpad,sahara-sahara-ai,Sahara AI,Ethereum (ETH) Token (ERC-20); Binance Coin (BNB) Token (BEP-20),
SAPIEN,SAPIEN,AI,AI,OK,sapien-2,Sapien,Artificial Intelligence (AI); Infrastructure; Base Ecosystem; Governance; Base Native,sapien-sapien,Sapien,Base Ecosystem,
SIREN,SIREN,AI,AI,OK,siren-2,Siren,BNB Chain Ecosystem; Meme; Binance Alpha Spotlight; Four.meme Ecosystem (BNB Memes),siren-siren1,Siren,Binance Coin (BNB) Token (BEP-20); Meme Coin,
SWARMS,SWARMS,AI,AI,OK,swarms,Swarms,Artificial Intelligence (AI); Solana Ecosystem; AI Agents; Pump.fun Ecosystem; Binance Alpha Spotlight; AI Framework,swarms-swarms,swarms,Solana (SOL) Token; AI Agents; Pump.fun Ecosystem,
VIRTUAL,VIRTUAL,AI,AI,OK,virtual-protocol,Virtuals Protocol,Artificial Intelligence (AI); Solana Ecosystem; Launchpad; Ethereum Ecosystem; Base Ecosystem; AI Agents; Virtuals Protocol Ecosystem; AI Agent Launchpad; Binance Alpha Spotlight; AI Framework; Robotics; Base Native,virtual-virtual-protocol,Virtuals Protocol,Ethereum (ETH) Token (ERC-20); Base Ecosystem; AI (Artificial Intelligence); Metaverse; Solana (SOL) Token,
VVV,VVV,AI,AI,OK,venice-token,Venice Token,Artificial Intelligence (AI); Base Ecosystem; AI Agents; AI Applications; Binance Alpha Spotlight; Made in USA; Base Native; Venice Ecosystem,vvv-venice-token,Venice Token,Base Ecosystem,
1000SATS,SATS,BTC_ECOSYSTEM,BTC_ECOSYSTEM,OK,sats-ordinals,SATS (Ordinals),BRC-20; Bitcoin Ecosystem; Inscriptions,,,,
ORDI,ORDI,BTC_ECOSYSTEM,BTC_ECOSYSTEM,OK,ordinals,ORDI,Solana Ecosystem; Meme; BRC-20; Bitcoin Ecosystem; Inscriptions,,,,
AAVE,AAVE,DEFI,DEFI,OK,aave,Aave,Stablecoin Issuer; Huobi ECO Chain Ecosystem; Avalanche Ecosystem; BNB Chain Ecosystem; Solana Ecosystem; Base Native; Hydration Ecosystem; Index Coop Defi Index; Yield Farming; Polygon Ecosystem; Optimism Ecosystem; Blockchain Capital Portfolio; Coinbase 50 Index; GMCI Index; Near Protocol Ecosystem; Base Ecosystem; GMCI DeFi Index; Decentralized Finance (DeFi); World Liberty Financial Portfolio; Sora Ecosystem; Harmony Ecosystem; Arbitrum Ecosystem; Fantom Ecosystem; Ethereum Ecosystem; Energi Ecosystem; Lending/Borrowing Protocols; Governance,aave-new,Aave,Platform; Smart Contracts; Ethereum (ETH) Token (ERC-20); Marketplace; Loans; Finance & Banking; DeFi; Binance Coin (BNB) Token (BEP-20); Made in USA,
AERO,AERO,DEFI,DEFI,OK,aerodrome-finance,Aerodrome Finance,Decentralized Exchange (DEX); Exchange-based Tokens; Decentralized Finance (DeFi); Automated Market Maker (AMM); Base Ecosystem; Binance Alpha Spotlight; Made in USA; Base Native,aero-aerodrome-finance,Aerodrome Finance,Base Ecosystem; Decentralized Exchange (DEX); DeFi; Automated Market Makers (AMM); Made in USA,
AEVO,AEVO,DEFI,DEFI,OK,aevo-exchange,Aevo,Smart Contract Platform; Decentralized Finance (DeFi); Binance Launchpool; Derivatives; Perpetuals; Ethereum Ecosystem; Layer 2 (L2); DragonFly Capital Portfolio; Pantera Capital Portfolio,aevo-aevo,Aevo,Ethereum (ETH) Token (ERC-20); Smart Contracts; Layer 2 (L2); DeFi; Derivative; Binance Launchpool,
ASTER,ASTER,DEFI,DEFI,OK,aster-2,Aster,Decentralized Exchange (DEX); Exchange-based Tokens; Decentralized Finance (DeFi); BNB Chain Ecosystem; Perpetuals; Made in China,aster-aster,Aster,Binance Coin (BNB) Token (BEP-20),
CAKE,CAKE,DEFI,DEFI,OK,pancakeswap-token,PancakeSwap,Decentralized Exchange (DEX); Exchange-based Tokens; Decentralized Finance (DeFi); Yield Farming; Automated Market Maker (AMM); BNB Chain Ecosystem; Perpetuals; Solana Ecosystem; Launchpad; Arbitrum Ecosystem; Ethereum Ecosystem; Aptos Ecosystem; ZkSync Ecosystem; Linea Ecosystem; Base Ecosystem; Polygon zkEVM Ecosystem; YZi Labs (Prev. Binance Labs) Portfolio; opBNB Ecosystem; GMCI DeFi Index; GMCI Index; Governance; Base Native,cake-pancakeswap,PancakeSwap,Binance Coin (BNB) Token (BEP-20); Ethereum (ETH) Token (ERC-20); Exchange; Decentralized Exchange (DEX); DeFi; Governance; Yield Farming; Automated Market Makers (AMM); Zksync Ecosystem,
COMP,COMP,DEFI,DEFI,OK,compound-governance-token,Compound,Decentralized Finance (DeFi); Yield Farming; BNB Chain Ecosystem; Lending/Borrowing Protocols; Avalanche Ecosystem; Polygon Ecosystem; Near Protocol Ecosystem; Harmony Ecosystem; Arbitrum Ecosystem; Ethereum Ecosystem; Base Ecosystem; Paradigm Portfolio; Index Coop Defi Index; Energi Ecosystem; Sora Ecosystem; Polychain Capital Portfolio; Made in USA; Governance; Base Native,comp-compoundd,Compound,Ethereum (ETH) Token (ERC-20); DeFi; Made in USA,
CRV,CRV,DEFI,DEFI,OK,curve-dao-token,Curve DAO,Automated Market Maker (AMM); Stablecoin Issuer; Etherlink Ecosystem; Exchange-based Tokens; Base Native; Curve Ecosystem; DWF Labs Portfolio; Yield Farming; Decentralized Exchange (DEX); Polygon Ecosystem; Optimism Ecosystem; YZi Labs (Prev. Binance Labs) Portfolio; Coinbase 50 Index; GMCI Index; Base Ecosystem; GMCI DeFi Index; Decentralized Finance (DeFi); Sora Ecosystem; Arbitrum Ecosystem; Fantom Ecosystem; Ethereum Ecosystem; Energi Ecosystem; Governance,crv-curve-dao-token,Curve DAO Token,Ethereum (ETH) Token (ERC-20); DeFi; Polygon (MATIC) Token; Fantom (FTM) Token; Arbitrum Ecosystem; Optimism Ecosystem; Decentralized Exchange (DEX); Exchange; Automated Market Makers (AMM); Governance; Yield Farming,
CVX,CVX,DEFI,DEFI,OK,convex-finance,Convex Finance,Decentralized Finance (DeFi); Yield Farming; Yield Aggregator; Ethereum Ecosystem; Metagovernance; Curve Ecosystem; Yield Optimizer; Governance,cvx-convex-finance,Convex Finance,Ethereum (ETH) Token (ERC-20); Solana (SOL) Token,
DEEP,DEEP,DEFI,DEFI,OK,deep,DeepBook,Infrastructure; Decentralized Finance (DeFi); Sui Ecosystem,deep-deepbook-protocol,DeepBook Protocol,Sui Ecosystem; DeFi; Decentralized Exchange (DEX),
DEXE,DEXE,DEFI,DEFI,OK,dexe,DeXe,Decentralized Finance (DeFi); BNB Chain Ecosystem; Ethereum Ecosystem,dexe-dexe,DeXe,Ethereum (ETH) Token (ERC-20),
DRIFT,DRIFT,DEFI,DEFI,OK,drift-protocol,Drift Protocol,Decentralized Finance (DeFi); Derivatives; Prediction Markets; Perpetuals; Solana Ecosystem; Binance Alpha Spotlight; Governance,drift-drift-protocol,Drift Protocol,Solana (SOL) Token,
DYDX,DYDX,DEFI,DEFI,OK,dydx-chain,dYdX,Cosmos Ecosystem; Andreessen Horowitz (a16z) Portfolio; Exchange-based Tokens; Osmosis Ecosystem; Smart Contract Platform; Appchains; DeFiance Capital Portfolio; Layer 1 (L1); Delphi Ventures Portfolio; Polychain Capital Portfolio; Decentralized Exchange (DEX); DragonFly Capital Portfolio; Made in USA; GMCI Index; GMCI DeFi Index; Decentralized Finance (DeFi); Perpetuals; Governance,dydx-dydx-chain,DYDX Chain,Exchange; Decentralized Exchange (DEX),
ETHFI,ETHFI,DEFI,DEFI,OK,ether-fi,Ether.fi,Decentralized Finance (DeFi); Binance Launchpool; Arbitrum Ecosystem; Ethereum Ecosystem; Base Ecosystem; Scroll Ecosystem; Restaking; Liquid Restaking Governance Tokens; Ether.fi Ecosystem; Consensys Portfolio; OKX Ventures Portfolio; Neobank,ethfi-etherfi,Ether.fi,Ethereum (ETH) Token (ERC-20); DeFi; Staking; Binance Launchpool; Arbitrum Ecosystem,
FOLKS,FOLKS,DEFI,DEFI,OK,folks,FOLKS,Decentralized Finance (DeFi); BNB Chain Ecosystem; Lending/Borrowing Protocols; Avalanche Ecosystem; Polygon Ecosystem; Arbitrum Ecosystem; Ethereum Ecosystem; Algorand Ecosystem; Base Ecosystem; Sei Network Ecosystem; Binance Alpha Spotlight; Monad Ecosystem; Base Native,folks-folks-finance,Folks Finance,Recently Added; Arbitrum Ecosystem; Base Ecosystem; Binance Coin (BNB) Token (BEP-20); Avalanche (AVAX) Token; Algorand (ALGO) Token; Polygon (MATIC) Token; Sei Token,
GMX,GMX,DEFI,DEFI,OK,gmx,GMX,Decentralized Finance (DeFi); Derivatives; Perpetuals; Avalanche Ecosystem; Arbitrum Ecosystem,gmx-gmx,GMX,Avalanche (AVAX) Token; Arbitrum Ecosystem; Derivative; DeFi,
HUMA,HUMA,DEFI,DEFI,OK,huma-finance,Huma Finance,Decentralized Finance (DeFi); BNB Chain Ecosystem; Payment Solutions; Binance Alpha Spotlight,huma-finance,Huma Finance,Solana (SOL) Token; DeFi; Binance Coin (BNB) Token (BEP-20),
JTO,JTO,DEFI,DEFI,OK,jito-governance-token,Jito,Decentralized Finance (DeFi); Solana Ecosystem; Liquid Staking Governance Tokens; Multicoin Capital Portfolio; Alameda Research Portfolio; Delphi Ventures Portfolio; Liquid Staking; Made in USA,jto-jito,Jito,Solana (SOL) Token,
JUP,JUP,DEFI,DEFI,OK,jupiter-exchange-solana,Jupiter,Exchange-based Tokens; Solana Ecosystem; Dex Aggregator; Decentralized Exchange (DEX); Made in USA; GMCI Index; GMCI DeFi Index; Decentralized Finance (DeFi); Perpetuals; Launchpad; Unichain Ecosystem,jup-jupiter-exchange-token,Jupiter Exchange Token,Solana (SOL) Token; Exchange; Decentralized Exchange (DEX); DeFi,
KNC,KNC,DEFI,DEFI,OK,kyber-network-crystal,Kyber Network Crystal,Automated Market Maker (AMM); Avalanche Ecosystem; Exchange-based Tokens; BNB Chain Ecosystem; Pantera Capital Portfolio; Polygon zkEVM Ecosystem; Decentralized Exchange (DEX); Polygon Ecosystem; Optimism Ecosystem; YZi Labs (Prev. Binance Labs) Portfolio; Linea Ecosystem; Decentralized Finance (DeFi); Arbitrum Ecosystem; Fantom Ecosystem; Ethereum Ecosystem; ZkSync Ecosystem; Governance,knc-kyber-network,Kyber Network Crystal,Platform; Smart Contracts; Exchange; Ethereum (ETH) Token (ERC-20); Marketplace; Trading & Investing; Assets Management; Polygon (MATIC) Token; Arbitrum Ecosystem; Binance Coin (BNB) Token (BEP-20); Fantom (FTM) Token; Avalanche (AVAX) Token; Decentralized Exchange (DEX),
LDO,LDO,DEFI,DEFI,OK,lido-dao,Lido DAO,Infrastructure; Decentralized Finance (DeFi); Polygon Ecosystem; Arbitrum Ecosystem; Ethereum Ecosystem; Optimism Ecosystem; Liquid Staking Governance Tokens; eGirl Capital Portfolio; Paradigm Portfolio; Coinbase Ventures Portfolio; Multicoin Capital Portfolio; Index Coop Defi Index; Alameda Research Portfolio; DragonFly Capital Portfolio; Andreessen Horowitz (a16z) Portfolio; GMCI DeFi Index; Delphi Ventures Portfolio; Liquid Staking; GMCI Index; Coinbase 50 Index; Governance,ldo-lido-dao,Lido DAO,Ethereum (ETH) Token (ERC-20); Binance Coin (BNB) Token (BEP-20); Solana (SOL) Token; Polygon (MATIC) Token; Optimism Ecosystem; Arbitrum Ecosystem,
MITO,MITO,DEFI,DEFI,OK,mitosis,Mitosis,Smart Contract Platform; Decentralized Finance (DeFi); Yield Farming; BNB Chain Ecosystem; Layer 1 (L1); Binance HODLer Airdrops; Binance Wallet IDO,mito-mitosis,Mitosis,Binance Coin (BNB) Token (BEP-20); DeFi; Yield Farming,
MLN,MLN,DEFI,DEFI,OK,melon,Enzyme,Decentralized Finance (DeFi); Asset Manager; Polygon Ecosystem; Arbitrum Ecosystem; Ethereum Ecosystem; Real World Assets (RWA); DeFiance Capital Portfolio,mln-enzyme,Enzyme,Smart Contracts; Exchange; Ethereum (ETH) Token (ERC-20); Finance & Banking; Assets Management; Real World Assets (RWA),
MORPHO,MORPHO,DEFI,DEFI,OK,morpho,Morpho,Decentralized Finance (DeFi); Lending/Borrowing Protocols; Arbitrum Ecosystem; Ethereum Ecosystem; Base Ecosystem; Coinbase Ventures Portfolio; Pantera Capital Portfolio; Morpho Ecosystem; Binance Alpha Spotlight; Katana Ecosystem; Base Native,morpho-morpho,Morpho,Ethereum (ETH) Token (ERC-20); Base Ecosystem,
MYX,MYX,DEFI,DEFI,OK,myx-finance,MYX Finance,Decentralized Finance (DeFi); BNB Chain Ecosystem; Derivatives; Perpetuals; Binance Wallet IDO,myx-myx,MYX Finance,Binance Coin (BNB) Token (BEP-20),
ORCA,ORCA,DEFI,DEFI,OK,orca,Orca,Decentralized Exchange (DEX); Exchange-based Tokens; Decentralized Finance (DeFi); Yield Farming; Automated Market Maker (AMM); Solana Ecosystem; Coinbase Ventures Portfolio; DeFiance Capital Portfolio; Made in USA,orca-orca,Orca,Solana (SOL) Token; Decentralized Exchange (DEX); DeFi; Yield Farming; Automated Market Makers (AMM); Coinbase Ventures Portfolio,
PENDLE,PENDLE,DEFI,DEFI,OK,pendle,Pendle,Automated Market Maker (AMM); Liquid Staking; Exchange-based Tokens; BNB Chain Ecosystem; BTCfi Protocol; LSDFi; Base Native; Restaking; Derivatives; Fixed Interest; Liquid Restaking Governance Tokens; LRTfi; Yield Farming; Yield Tokenization Protocol; Decentralized Exchange (DEX); Optimism Ecosystem; YZi Labs (Prev. Binance Labs) Portfolio; GMCI Index; Base Ecosystem; GMCI DeFi Index; Decentralized Finance (DeFi); HyperEVM Ecosystem; Berachain Ecosystem; Arbitrum Ecosystem; Ethereum Ecosystem; Sonic Ecosystem,pendle-pendle,Pendle,Ethereum (ETH) Token (ERC-20); Binance Coin (BNB) Token (BEP-20); Avalanche (AVAX) Token; Arbitrum Ecosystem; Optimism Ecosystem; DeFi; Automated Market Makers (AMM); Real World Assets (RWA); Derivative,
RESOLV,RESOLV,DEFI,DEFI,OK,resolv,Resolv,Decentralized Finance (DeFi); BNB Chain Ecosystem; Ethereum Ecosystem; Coinbase Ventures Portfolio; Stablecoin Issuer; Delphi Ventures Portfolio; Binance HODLer Airdrops,resolv-resolv,Resolv,Ethereum (ETH) Token (ERC-20),
REZ,REZ,DEFI,DEFI,OK,renzo,Renzo,Decentralized Finance (DeFi); Binance Launchpool; Ethereum Ecosystem; Base Ecosystem; Restaking; YZi Labs (Prev. Binance Labs) Portfolio; OKX Ventures Portfolio,rez-renzo,Renzo,Ethereum (ETH) Token (ERC-20); Made in USA,
RSR,RSR,DEFI,DEFI,OK,reserve-rights-token,Reserve Rights,Decentralized Finance (DeFi); Arbitrum Ecosystem; Ethereum Ecosystem; Real World Assets (RWA); Base Ecosystem; Coinbase Ventures Portfolio; Energi Ecosystem; Made in USA; Base Native,rsr-reserve-rights,Reserve Rights,Ethereum (ETH) Token (ERC-20); Solana (SOL) Token; Base Ecosystem; Made in USA; Real World Assets (RWA),
RUNE,RUNE,DEFI,DEFI,OK,thorchain,THORChain,Decentralized Exchange (DEX); Infrastructure; Smart Contract Platform; Exchange-based Tokens; Decentralized Finance (DeFi); Layer 1 (L1); Bridge Governance Tokens; Multicoin Capital Portfolio; Proof of Stake (PoS); Delphi Ventures Portfolio,rune-thorchain,THORChain,Blockchain Service; Binance Coin (BNB) Token (BEP-20); Decentralized Exchange (DEX); Exchange; DeFi; Proof Of Stake; Multicoin Capital Portfolio; Infrastructure,
SKY,SKY,DEFI,DEFI,OK,sky,Sky,Decentralized Finance (DeFi); Ethereum Ecosystem; Stablecoin Issuer; Hydration Ecosystem; Governance,sky-sky,Sky,Ethereum (ETH) Token (ERC-20),
SPK,SPK,DEFI,DEFI,OK,spark-2,Spark,Decentralized Finance (DeFi); Lending/Borrowing Protocols; Ethereum Ecosystem; Stablecoin Issuer; Binance HODLer Airdrops; Governance,spk-spark,Spark,Ethereum (ETH) Token (ERC-20); Binance Coin (BNB) Token (BEP-20); DeFi; Staking; Yield Farming,
STBL,STBL,DEFI,DEFI,OK,stbl,STBL,Decentralized Finance (DeFi); BNB Chain Ecosystem; Real World Assets (RWA); Stablecoin Issuer; Binance Alpha Spotlight,stbl-stbl,STBL,Binance Coin (BNB) Token (BEP-20); DeFi; Yield Farming,
SUSHI,SUSHI,DEFI,DEFI,OK,sushi,Sushi,Decentralized Exchange (DEX); Exchange-based Tokens; Decentralized Finance (DeFi); Yield Farming; Automated Market Maker (AMM); BNB Chain Ecosystem; Yearn Ecosystem; Solana Ecosystem; Avalanche Ecosystem; Polygon Ecosystem; Near Protocol Ecosystem; Fantom Ecosystem; Harmony Ecosystem; Arbitrum Ecosystem; Celo Ecosystem; Ethereum Ecosystem; Base Ecosystem; Alameda Research Portfolio; Pantera Capital Portfolio; Energi Ecosystem; Sora Ecosystem; Blockchain Capital Portfolio; Katana Ecosystem; Governance; Base Native,sushi-sushi,Sushi,Ethereum (ETH) Token (ERC-20); DeFi; Exchange; Binance Coin (BNB) Token (BEP-20); Fantom (FTM) Token; Polygon (MATIC) Token; Harmony (ONE) Token; Avalanche (AVAX) Token; Solana (SOL) Token; Arbitrum Ecosystem; Decentralized Exchange (DEX); Automated Market Makers (AMM); Governance; Yield Farming,
UMA,UMA,DEFI,DEFI,OK,uma,UMA,Decentralized Finance (DeFi); Oracle; Derivatives; Synthetic Issuer; Avalanche Ecosystem; Ethereum Ecosystem; Blockchain Capital Portfolio; Synthetic; Made in USA; Governance,uma-uma,UMA,Ethereum (ETH) Token (ERC-20); DeFi; Avalanche (AVAX) Token; Finance & Banking; Governance; Oracles; Derivative,
UNI,UNI,DEFI,DEFI,OK,uniswap,Uniswap,Automated Market Maker (AMM); Andreessen Horowitz (a16z) Portfolio; Huobi ECO Chain Ecosystem; Avalanche Ecosystem; GMCI 30 Index; Exchange-based Tokens; BNB Chain Ecosystem; Coinbase Ventures Portfolio; Index Coop Defi Index; Paradigm Portfolio; Yield Farming; Polychain Capital Portfolio; Decentralized Exchange (DEX); Polygon Ecosystem; Optimism Ecosystem; Made in USA; Blockchain Capital Portfolio; Coinbase 50 Index; GMCI Index; Near Protocol Ecosystem; Gnosis Chain Ecosystem; GMCI DeFi Index; Decentralized Finance (DeFi); Sora Ecosystem; Harmony Ecosystem; Arbitrum Ecosystem; Ethereum Ecosystem; Unichain Ecosystem; Energi Ecosystem; Governance,uni-uniswap,Uniswap,Ethereum (ETH) Token (ERC-20); DeFi; Exchange; Binance Coin (BNB) Token (BEP-20); Huobi ECO Chain (HECO) Token; Optimism Ecosystem; Arbitrum Ecosystem; Polygon (MATIC) Token; Harmony (ONE) Token; Avalanche (AVAX) Token; Decentralized Exchange (DEX); Made in USA,
FIL,FIL,DEPIN,DEPIN,OK,filecoin,Filecoin,Infrastructure; Smart Contract Platform; Storage; Layer 1 (L1); DePIN; Alleged SEC Securities; Pantera Capital Portfolio; GMCI DePIN Index; GMCI 30 Index; Sequoia Capital Portfolio; Blockchain Capital Portfolio; GMCI Index; Made in USA; CoinList Launchpad,,,,
JASMY,JASMY,DEPIN,DEPIN,OK,jasmycoin,JasmyCoin,Internet of Things (IOT); Ethereum Ecosystem; DePIN; DWF Labs Portfolio; Coinbase 50 Index,,,,
WAL,WAL,DEPIN,DEPIN,OK,walrus-2,Walrus,Infrastructure; Storage; Sui Ecosystem; Binance Alpha Spotlight,,,,
BGB,BGB,EXCHANGE,EXCHANGE,OK,bitget-token,Bitget Token,Exchange-based Tokens; Centralized Exchange (CEX) Token; Ethereum Ecosystem; DragonFly Capital Portfolio; Morph L2 Ecosystem; Made in China,,,,
GT,GT,EXCHANGE,EXCHANGE,OK,gatechain-token,Gate,Smart Contract Platform; Exchange-based Tokens; Centralized Exchange (CEX) Token; Ethereum Ecosystem; Proof of Stake (PoS); Made in China; GateLayer Ecosystem,,,,
KCS,KCS,EXCHANGE,EXCHANGE,OK,kucoin-shares,KuCoin,Exchange-based Tokens; Centralized Exchange (CEX) Token; Circle Ventures Portfolio; Made in China,,,,
OKB,OKB,EXCHANGE,EXCHANGE,OK,okb,OKB,Exchange-based Tokens; Centralized Exchange (CEX) Token; Ethereum Ecosystem; Sora Ecosystem; OKT Chain Ecosystem; GMCI 30 Index; GMCI Index; Made in China,,,,
ACE,ACE,GAMEFI,GAMEFI,OK,endurance,Fusionist,Gaming (GameFi); NFT; BNB Chain Ecosystem; Binance Launchpool; RPG; Strategy Games; YZi Labs (Prev. Binance Labs) Portfolio; Endurance Ecosystem,,,,
APE,APE,GAMEFI,GAMEFI,OK,apecoin,ApeCoin,Gaming (GameFi); NFT; BNB Chain Ecosystem; Solana Ecosystem; Polygon Ecosystem; Arbitrum Ecosystem; Ethereum Ecosystem; Animoca Brands Portfolio; Gaming Blockchains; Gaming Governance Token; Gaming Utility Token; Andreessen Horowitz (a16z) Portfolio; ApeChain Ecosystem; Airdropped Tokens by NFT Projects; HyperEVM Ecosystem; Coinbase 50 Index; Governance; IP Meme; Monad Ecosystem,,,,
AXS,AXS,GAMEFI,GAMEFI,OK,axie-infinity,Axie Infinity,Gaming (GameFi); NFT; BNB Chain Ecosystem; Axie Infinity Ecosystem; Metaverse; Play To Earn; Harmony Ecosystem; Ethereum Ecosystem; Animoca Brands Portfolio; Alleged SEC Securities; Binance Launchpad; Ronin Ecosystem; Card Games; Breeding; Paradigm Portfolio; Gaming Governance Token; Gaming Utility Token; Andreessen Horowitz (a16z) Portfolio; Energi Ecosystem; YZi Labs (Prev. Binance Labs) Portfolio; Consensys Portfolio; Coinbase 50 Index,,,,
BEAT,BEAT,GAMEFI,GAMEFI,OK,audiera,Audiera,Gaming (GameFi); NFT; BNB Chain Ecosystem; Telegram Apps; Binance Alpha Spotlight; Arcade Games,,,,
BIGTIME,BIGTIME,GAMEFI,GAMEFI,OK,big-time,Big Time,Gaming (GameFi); Play To Earn; Ethereum Ecosystem; RPG; Alameda Research Portfolio; Circle Ventures Portfolio; OKX Ventures Portfolio; MMO,,,,
ENJ,ENJ,GAMEFI,GAMEFI,OK,enjincoin,Enjin Coin,Entertainment; Smart Contract Platform; Gaming (GameFi); NFT; Metaverse; Layer 1 (L1); Harmony Ecosystem; Ethereum Ecosystem; Gaming Blockchains; Energi Ecosystem,,,,
ESPORTS,ESPORTS,GAMEFI,GAMEFI,OK,yooldo-games,Yooldo Games,Gaming (GameFi); BNB Chain Ecosystem; Play To Earn; Binance Alpha Spotlight,,,,
GALA,GALA,GAMEFI,GAMEFI,OK,gala,GALA,Smart Contract Platform; Gaming (GameFi); NFT; Solana Ecosystem; Layer 1 (L1); Play To Earn; Ethereum Ecosystem; DWF Labs Portfolio; Gaming Platform; YZi Labs (Prev. Binance Labs) Portfolio; GalaChain Ecosystem; Made in USA,,,,
GMT,GMT,GAMEFI,GAMEFI,OK,stepn,GMT,Gaming (GameFi); NFT; BNB Chain Ecosystem; Solana Ecosystem; Polygon Ecosystem; Play To Earn; Move To Earn; Ethereum Ecosystem; Binance Launchpad; Gaming Governance Token; Sports Games; Alameda Research Portfolio; YZi Labs (Prev. Binance Labs) Portfolio; Sequoia Capital Portfolio,,,,
ILV,ILV,GAMEFI,GAMEFI,OK,illuvium,Illuvium,Gaming (GameFi); NFT; Metaverse; Play To Earn; Ethereum Ecosystem; Animoca Brands Portfolio; RPG; Gaming Governance Token; Adventure Games; Energi Ecosystem; Delphi Ventures Portfolio,,,,
IMX,IMX,GAMEFI,GAMEFI,OK,immutable-x,Immutable,Smart Contract Platform; Gaming (GameFi); NFT; Play To Earn; Ethereum Ecosystem; Layer 2 (L2); Zero Knowledge (ZK); Animoca Brands Portfolio; Immutable zkEVM Ecosystem; Coinbase Ventures Portfolio; Rollup; Gaming Blockchains; GMCI 30 Index; GMCI Index; Gaming Marketplace; Coinbase 50 Index; CoinList Launchpad,,,,
MANA,MANA,GAMEFI,GAMEFI,OK,decentraland,Decentraland,Entertainment; Gaming (GameFi); NFT; Metaverse; Polygon Ecosystem; Play To Earn; Ethereum Ecosystem; Animoca Brands Portfolio; Alleged SEC Securities; Simulation Games; Coinbase 50 Index,,,,
MBOX,MBOX,GAMEFI,GAMEFI,OK,mobox,Mobox,Gaming (GameFi); NFT; BNB Chain Ecosystem; Binance Launchpool; Metaverse; Play To Earn; Arbitrum Ecosystem; Animoca Brands Portfolio; RPG; Gaming Blockchains; Gaming Governance Token; YZi Labs (Prev. Binance Labs) Portfolio,,,,
NOT,NOT,GAMEFI,GAMEFI,OK,notcoin,Notcoin,Gaming (GameFi); Binance Launchpool; Meme; Play To Earn; TON Ecosystem; TON Meme; Tap to Earn,,,,
PIXEL,PIXEL,GAMEFI,GAMEFI,OK,pixels,Pixels,Gaming (GameFi); NFT; Binance Launchpool; Ethereum Ecosystem; Animoca Brands Portfolio; Ronin Ecosystem; Gaming Utility Token; Made in USA; Governance,,,,
RON,RON,GAMEFI,GAMEFI,OK,ronin,Ronin,Smart Contract Platform; Gaming (GameFi); NFT; Layer 1 (L1); Play To Earn; Zero Knowledge (ZK); FTX Holdings; Gaming Blockchains; SideChain; Andreessen Horowitz (a16z) Portfolio; YZi Labs (Prev. Binance Labs) Portfolio,,,,
SAND,SAND,GAMEFI,GAMEFI,OK,the-sandbox,The Sandbox,Gaming (GameFi); NFT; Metaverse; Polygon Ecosystem; Play To Earn; Ethereum Ecosystem; Animoca Brands Portfolio; Base Ecosystem; Alleged SEC Securities; Binance Launchpad; Gaming Utility Token; Simulation Games; YZi Labs (Prev. Binance Labs) Portfolio; Coinbase 50 Index,,,,
SLP,SLP,GAMEFI,GAMEFI,OK,smooth-love-potion,Smooth Love Potion,Entertainment; Gaming (GameFi); NFT; Axie Infinity Ecosystem; Play To Earn; Ethereum Ecosystem; Ronin Ecosystem; Gaming Utility Token,,,,
XAI,XAI,GAMEFI,GAMEFI,OK,xai-blockchain,Xai,Smart Contract Platform; Gaming (GameFi); NFT; Binance Launchpool; Arbitrum Ecosystem; Layer 3 (L3); XAI Ecosystem; Gaming Blockchains; Outlier Ventures Portfolio,,,,
YGG,YGG,GAMEFI,GAMEFI,OK,yield-guild-games,Yield Guild Games,Andreessen Horowitz (a16z) Portfolio; BNB Chain Ecosystem; Play To Earn; Guild and Scholarship; Gaming Governance Token; DWF Labs Portfolio; Abstract Ecosystem; Collectibles; Delphi Ventures Portfolio; NFT; Metaverse; Polygon Ecosystem; Ronin Ecosystem; Animoca Brands Portfolio; Base Ecosystem; Gaming (GameFi); Harmony Ecosystem; Ethereum Ecosystem,,,,
1000XEC,XEC,L1_L2,L1_L2,OK,ecash,eCash,Smart Contract Platform; Layer 1 (L1); Bitcoin Fork; Proof of Work (PoW),,,,
ADA,ADA,L1_L2,L1_L2,OK,cardano,Cardano,Smart Contract Platform; Layer 1 (L1); Cardano Ecosystem; Proof of Stake (PoS); GMCI Layer 1 Index; GMCI 30 Index; GMCI Index; Made in USA; Coinbase 50 Index,ada-cardano,Cardano,Decentralized Applications; Smart Contracts; Token Issuance; Proof Of Stake; Platform; Layer 1 (L1); Alleged SEC Securities; Made in USA,
ALGO,ALGO,L1_L2,L1_L2,OK,algorand,Algorand,Smart Contract Platform; Layer 1 (L1); Algorand Ecosystem; Real World Assets (RWA); DWF Labs Portfolio; Multicoin Capital Portfolio; Proof of Stake (PoS); GMCI Layer 1 Index; GMCI Index; Made in USA; Coinbase 50 Index; Quantum-Resistant; CoinList Launchpad,algo-algorand,Algorand,Cryptocurrency; Proof Of Stake; Layer 1 (L1); Smart Contracts; Multicoin Capital Portfolio; High Transaction Speed (TPS); Alleged SEC Securities; Made in USA; Real World Assets (RWA),
APT,APT,L1_L2,L1_L2,OK,aptos,Aptos,Smart Contract Platform; Layer 1 (L1); Aptos Ecosystem; FTX Holdings; Coinbase Ventures Portfolio; Multicoin Capital Portfolio; Proof of Stake (PoS); DragonFly Capital Portfolio; Andreessen Horowitz (a16z) Portfolio; YZi Labs (Prev. Binance Labs) Portfolio; GMCI Layer 1 Index; GMCI 30 Index; Circle Ventures Portfolio; GMCI Index; Made in USA,apt-aptos,Aptos,,
ARB,ARB,L1_L2,L1_L2,OK,arbitrum,Arbitrum,Smart Contract Platform; Arbitrum Ecosystem; Ethereum Ecosystem; Arbitrum Nova Ecosystem; Layer 2 (L2); eGirl Capital Portfolio; Rollup; Alameda Research Portfolio; Pantera Capital Portfolio; GMCI Layer 2 Index; GMCI 30 Index; GMCI Index; Polychain Capital Portfolio; Made in USA; Governance,arb-arbitrum,Arbitrum,Arbitrum Ecosystem; Ethereum (ETH) Token (ERC-20); Layer 2 (L2); High Transaction Speed (TPS),
ASTR,ASTR,L1_L2,L1_L2,OK,astar,Astar,Smart Contract Platform; Polkadot Ecosystem; Layer 1 (L1); Ethereum Ecosystem; Layer 2 (L2); Alameda Research Portfolio; YZi Labs (Prev. Binance Labs) Portfolio; OKX Ventures Portfolio,astr-astar,Astar,Layer 1 (L1); Smart Contracts,
ATOM,ATOM,L1_L2,L1_L2,OK,cosmos,Cosmos Hub,Cosmos Ecosystem; Outlier Ventures Portfolio; Mantra Ecosystem; Canto Ecosystem; Archway Ecosystem; Evmos Ecosystem; Alleged SEC Securities; Terra Ecosystem; GMCI 30 Index; Osmosis Ecosystem; BNB Chain Ecosystem; Smart Contract Platform; Pantera Capital Portfolio; Kava Ecosystem; Layer 0 (L0); Paradigm Portfolio; Polychain Capital Portfolio; DragonFly Capital Portfolio; Coinbase 50 Index; GMCI Index; Proof of Stake (PoS); Governance,atom-cosmos,Cosmos,Cryptocurrency; Byzantine Fault Tolerance; Scalable; Cross-chain; Blockchain Service; Layer 1 (L1); Proof Of Stake; High Transaction Speed (TPS); Alleged SEC Securities; Layer 0 (L0),
AVAX,AVAX,L1_L2,L1_L2,OK,avalanche-2,Avalanche,Smart Contract Platform; Layer 1 (L1); Avalanche Ecosystem; Proof of Stake (PoS); DragonFly Capital Portfolio; DeFiance Capital Portfolio; Andreessen Horowitz (a16z) Portfolio; GMCI Layer 1 Index; GMCI 30 Index; Galaxy Digital Portfolio; GMCI Index; Polychain Capital Portfolio; World Liberty Financial Portfolio; Made in USA; Coinbase 50 Index,avax-avalanche,Avalanche,Cryptocurrency; Platform; Layer 1 (L1); Proof Of Stake; High Transaction Speed (TPS); Made in USA,
AZTEC,AZTEC,L1_L2,L1_L2,OK,aztec,Aztec,Smart Contract Platform; Ethereum Ecosystem; Layer 2 (L2); Privacy Blockchain; CoinList Launchpad,aztec-aztec,AZTEC,Ethereum (ETH) Token (ERC-20),
BCH,BCH,L1_L2,L1_L2,OK,bitcoin-cash,Bitcoin Cash,Smart Contract Platform; Layer 1 (L1); Bitcoin Fork; Proof of Work (PoW); Coinbase 50 Index,bch-bitcoin-cash,Bitcoin Cash,Proof Of Work; Sha256; Payments; Cryptocurrency; Mining; Layer 1 (L1); Smart Contracts; Made in USA,
CFX,CFX,L1_L2,L1_L2,OK,conflux-token,Conflux,Smart Contract Platform; DWF Labs Portfolio; Proof of Work (PoW); GMCI Layer 1 Index; Sequoia Capital Portfolio; GMCI Index; Made in China,cfx-conflux-network,Conflux Network,Protocol; DWF Labs Portfolio; Proof Of Work,
CORE,CORE,L1_L2,L1_L2,OK,coredaoorg,Core,Smart Contract Platform; Layer 1 (L1); Bitcoin Sidechains; SideChain,core-core-dao,Core DAO,,
DOT,DOT,L1_L2,L1_L2,OK,polkadot,Polkadot,Smart Contract Platform; Polkadot Ecosystem; BNB Chain Ecosystem; Arbitrum Ecosystem; Ethereum Ecosystem; Optimism Ecosystem; Base Ecosystem; Proof of Stake (PoS); Layer 0 (L0); Pantera Capital Portfolio; GMCI 30 Index; GMCI Index; Made in USA; Coinbase 50 Index; Governance; Base Native,dot-polkadot-token,Polkadot Token,,
DYM,DYM,L1_L2,L1_L2,OK,dymension,Dymension,Smart Contract Platform; Cosmos Ecosystem; Modular Blockchain; Osmosis Ecosystem; Rollups-as-a-Service (RaaS),dym-dymension,Dymension ,Smart Contracts; Osmosis Ecosystem,
ETC,ETC,L1_L2,L1_L2,OK,ethereum-classic,Ethereum Classic,Smart Contract Platform; Layer 1 (L1); Proof of Work (PoW); Coinbase 50 Index,etc-ethereum-classic,Ethereum Classic,Platform; Token Issuance; Decentralized Applications; Proof Of Work; Internet; Ethash; Software; Cryptocurrency; Mining,
ETH,ETH,L1_L2,L1_L2,OK,ethereum,Ethereum,Smart Contract Platform; Layer 1 (L1); Ethereum Ecosystem; FTX Holdings; Multicoin Capital Portfolio; Proof of Stake (PoS); Alameda Research Portfolio; Andreessen Horowitz (a16z) Portfolio; GMCI Layer 1 Index; GMCI 30 Index; Delphi Ventures Portfolio; Galaxy Digital Portfolio; GMCI Index; World Liberty Financial Portfolio; Coinbase 50 Index,eth-ethereum,Ethereum,Token Issuance; Decentralized Applications; Smart Contracts; Cryptocurrency; Premine; Ethash; Proof Of Stake; Layer 1 (L1); FTX Holdings,
ICP,ICP,L1_L2,L1_L2,OK,internet-computer,Internet Computer,Artificial Intelligence (AI); Infrastructure; Smart Contract Platform; Layer 1 (L1); Ethereum Ecosystem; Internet Computer Ecosystem; Base Ecosystem; Alleged SEC Securities; Multicoin Capital Portfolio; Layer 0 (L0); Andreessen Horowitz (a16z) Portfolio; GMCI Layer 1 Index; GMCI 30 Index; Blockchain Capital Portfolio; GMCI Index; Polychain Capital Portfolio; Coinbase 50 Index; Governance; Base Native,icp-internet-computer,Internet Computer,Cryptocurrency; Smart Contracts; Platform; Governance; NFT Token; Multicoin Capital Portfolio; Big Data & Data Storage; Alleged SEC Securities; Layer 0 (L0),
INJ,INJ,L1_L2,L1_L2,OK,injective-protocol,Injective,Cosmos Ecosystem; Terra Ecosystem; Osmosis Ecosystem; BNB Chain Ecosystem; Smart Contract Platform; Pantera Capital Portfolio; Secret Ecosystem; Binance Launchpad; GMCI Layer 1 Index; Layer 1 (L1); YZi Labs (Prev. Binance Labs) Portfolio; Made in USA; Coinbase 50 Index; GMCI Index; Proof of Stake (PoS); Decentralized Finance (DeFi); Ethereum Ecosystem; Real World Assets (RWA),inj-injective-protocol,Injective Protocol,Exchange; Binance Coin (BNB) Token (BEP-20); Ethereum (ETH) Token (ERC-20); Layer 1 (L1); Smart Contracts; Proof Of Stake; Decentralized Exchange (DEX); High Transaction Speed (TPS); Binance Launchpad; Made in USA,
IRYS,IRYS,L1_L2,L1_L2,OK,irys,Irys,BNB Chain Ecosystem; Layer 1 (L1); Ethereum Ecosystem; Binance Wallet IDO,irys-irys,Irys,Recently Added; Ethereum (ETH) Token (ERC-20),
KAS,KAS,L1_L2,L1_L2,OK,kaspa,Kaspa,Smart Contract Platform; Layer 1 (L1); Wallets; Proof of Work (PoW); Kaspa Ecosystem; Made in USA; Directed Acyclic Graph (DAG),kas-kaspa,Kaspa,Cryptocurrency; Proof Of Work; Layer 1 (L1),
LINEA,LINEA,L1_L2,L1_L2,OK,linea,Linea,Smart Contract Platform; Ethereum Ecosystem; Layer 2 (L2); Zero Knowledge (ZK); Linea Ecosystem; Consensys Portfolio; Binance Alpha Spotlight,linea-linea,Linea,Zero Knowledge (ZK); Layer 2 (L2),
LTC,LTC,L1_L2,L1_L2,OK,litecoin,Litecoin,Infrastructure; Smart Contract Platform; Layer 1 (L1); Proof of Work (PoW); GMCI 30 Index; GMCI Index; Made in USA; Coinbase 50 Index,ltc-litecoin,Litecoin,Cryptocurrency; Lightning Network; Segwit; Proof Of Work; Scrypt; Made in USA; Privacy & Security,
MANTA,MANTA,L1_L2,L1_L2,OK,manta-network,Manta Network,Smart Contract Platform; Polkadot Ecosystem; Binance Launchpool; Layer 2 (L2); Manta Network Ecosystem; Multicoin Capital Portfolio; Alameda Research Portfolio; DeFiance Capital Portfolio; YZi Labs (Prev. Binance Labs) Portfolio,manta-manta-network,Manta Network,Layer 2 (L2); Multicoin Capital Portfolio; Binance Launchpool,
MATIC,MATIC,L1_L2,L1_L2,OK,matic-network,MATIC (migrated to POL),Alleged SEC Securities; GMCI 30 Index; Rollup; Smart Contract Platform; Coinbase Ventures Portfolio; Alameda Research Portfolio; Binance Launchpad; FTX Holdings; Galaxy Digital Portfolio; Layer 2 (L2); Polygon Ecosystem; YZi Labs (Prev. Binance Labs) Portfolio; DragonFly Capital Portfolio; GMCI Layer 2 Index; Zero Knowledge (ZK); Coinbase 50 Index; GMCI Index; Proof of Stake (PoS); Animoca Brands Portfolio; Governance,matic-polygon,Polygon,Smart Contracts; Decentralized Applications; Proof Of Stake; Cryptocurrency; Solana (SOL) Token; Layer 2 (L2); Zero Knowledge (ZK); FTX Holdings; High Transaction Speed (TPS); Binance Launchpad; Alleged SEC Securities,
MNT,MNT,L1_L2,L1_L2,OK,mantle,Mantle,Smart Contract Platform; Ethereum Ecosystem; Layer 2 (L2); Mantle Ecosystem; DWF Labs Portfolio; DragonFly Capital Portfolio; GMCI Layer 2 Index; GMCI 30 Index; GMCI Index; World Liberty Financial Portfolio; Made in China; Neobank,mnt-mantle,Mantle,Ethereum (ETH) Token (ERC-20); Layer 2 (L2),
MON,MON,L1_L2,L1_L2,OK,monad,Monad,Smart Contract Platform; Layer 1 (L1); Animoca Brands Portfolio; Parallelized EVM; eGirl Capital Portfolio; Paradigm Portfolio; Coinbase Ventures Portfolio; Galaxy Digital Portfolio; Monad Ecosystem,mon-monad,Monad,Recently Added; Layer 1 (L1); Smart Contracts; EVM,
MOVE,MOVE,L1_L2,L1_L2,OK,movement,Movement,Infrastructure; Smart Contract Platform; Layer 1 (L1); Ethereum Ecosystem; Zero Knowledge (ZK); Base Ecosystem; Modular Blockchain; YZi Labs (Prev. Binance Labs) Portfolio; Hyperliquid Ecosystem; OKX Ventures Portfolio; Binance HODLer Airdrops; World Liberty Financial Portfolio; Made in USA; HyperEVM Ecosystem; Movement Ecosystem; Base Native,move-movement,Movement,Ethereum (ETH) Token (ERC-20); Layer 1 (L1); Made in USA,
MOVR,MOVR,L1_L2,L1_L2,OK,moonriver,Moonriver,Smart Contract Platform; Layer 1 (L1); Moonriver Ecosystem; YZi Labs (Prev. Binance Labs) Portfolio; Meter Ecosystem,movr-moonriver,Moonriver,Layer 1 (L1); Smart Contracts,
NEO,NEO,L1_L2,L1_L2,OK,neo,NEO,Smart Contract Platform; Proof of Stake (PoS); Made in China,neo-neo,NEO,Cryptocurrency; Byzantine Fault Tolerance; Smart Contracts; Token Issuance; Platform,
OP,OP,L1_L2,L1_L2,OK,optimism,Optimism,Smart Contract Platform; Optimism Ecosystem; Layer 2 (L2); Paradigm Portfolio; Rollup; Andreessen Horowitz (a16z) Portfolio; GMCI Layer 2 Index; GMCI Index; Optimism Superchain Ecosystem; Made in USA; Governance,op-optimism,Optimism,Optimism Ecosystem; Layer 2 (L2); Made in USA,
POL,POL,L1_L2,L1_L2,OK,polygon-ecosystem-token,POL (ex-MATIC),Smart Contract Platform; Polygon Ecosystem; Ethereum Ecosystem; Layer 2 (L2); Zero Knowledge (ZK),pol-polygon-ecosystem-token,Polygon Ecosystem Token,Ethereum (ETH) Token (ERC-20); Layer 2 (L2); Smart Contracts,
QTUM,QTUM,L1_L2,L1_L2,OK,qtum,Qtum,Smart Contract Platform; Proof of Stake (PoS); Made in China,qtum-qtum,Qtum,Platform; Smart Contracts; Token Issuance; Mobile; Decentralized Applications; Proof Of Stake; Software; Cryptocurrency; Premine,
SAGA,SAGA,L1_L2,L1_L2,OK,saga-2,Saga,Artificial Intelligence (AI); Infrastructure; Smart Contract Platform; Binance Launchpool; Layer 1 (L1); Modular Blockchain; Gaming Blockchains; Appchains; Saga Ecosystem,saga-saga,Saga,Layer 1 (L1); Gaming; Binance Launchpool; Infrastructure,
SOL,SOL,L1_L2,L1_L2,OK,solana,Solana,Smart Contract Platform; Solana Ecosystem; Layer 1 (L1); FTX Holdings; Multicoin Capital Portfolio; Proof of Stake (PoS); Alameda Research Portfolio; Andreessen Horowitz (a16z) Portfolio; GMCI Layer 1 Index; GMCI 30 Index; Delphi Ventures Portfolio; GMCI Index; Polychain Capital Portfolio; Made in USA; Coinbase 50 Index; CoinList Launchpad,sol-solana,Solana,Cryptocurrency; Byzantine Fault Tolerance; Layer 1 (L1); Smart Contracts; Proof Of Stake; FTX Holdings; High Transaction Speed (TPS); Alleged SEC Securities; Made in USA,
SONIC,SONIC,L1_L2,L1_L2,OK,sonic-svm,Sonic SVM,Smart Contract Platform; Gaming (GameFi); Solana Ecosystem; Layer 2 (L2); Gaming Blockchains; Sonic SVM Ecosystem,sonic-sonic-svm,Sonic SVM,Solana (SOL) Token; Gaming; Layer 2 (L2); Smart Contracts,
SOON,SOON,L1_L2,L1_L2,OK,soon-2,SOON,Infrastructure; Smart Contract Platform; BNB Chain Ecosystem; Layer 2 (L2); Base Ecosystem; Cross-chain Communication; Binance Alpha Spotlight; Base Native,soon-soon-1,SOON,Solana (SOL) Token; Binance Coin (BNB) Token (BEP-20),
SOPH,SOPH,L1_L2,L1_L2,OK,sophon,Sophon,Smart Contract Platform; BNB Chain Ecosystem; Polygon Ecosystem; Arbitrum Ecosystem; Layer 2 (L2); Base Ecosystem; Binance HODLer Airdrops; Binance Alpha Spotlight; Base Native,soph-sophon,Sophon,Ethereum (ETH) Token (ERC-20); Binance Coin (BNB) Token (BEP-20); Base Ecosystem; Arbitrum Ecosystem; Polygon (MATIC) Token,
STRK,STRK,L1_L2,L1_L2,OK,starknet,Starknet,Infrastructure; Smart Contract Platform; Solana Ecosystem; Ethereum Ecosystem; Layer 2 (L2); Zero Knowledge (ZK); Starknet Ecosystem; Paradigm Portfolio; Coinbase Ventures Portfolio; Rollup; Multicoin Capital Portfolio; Bitcoin Sidechains; Alameda Research Portfolio; Pantera Capital Portfolio; GMCI Layer 2 Index; Consensys Portfolio; Sequoia Capital Portfolio; GMCI Index; Privacy Blockchain; Polychain Capital Portfolio; Quantum-Resistant; Privacy Infrastructure; Privacy,strk-starknet,Starknet,Ethereum (ETH) Token (ERC-20); Layer 2 (L2),
SUI,SUI,L1_L2,L1_L2,OK,sui,Sui,Smart Contract Platform; Binance Launchpool; Layer 1 (L1); Sui Ecosystem; Coinbase Ventures Portfolio; Proof of Stake (PoS); Andreessen Horowitz (a16z) Portfolio; YZi Labs (Prev. Binance Labs) Portfolio; GMCI Layer 1 Index; Circle Ventures Portfolio; GMCI Index; Made in USA,,,,
TIA,TIA,L1_L2,L1_L2,OK,celestia,Celestia,Smart Contract Platform; Cosmos Ecosystem; Layer 1 (L1); Data Availability; Modular Blockchain; Osmosis Ecosystem; eGirl Capital Portfolio; Coinbase Ventures Portfolio; Proof of Stake (PoS); Secret Ecosystem; YZi Labs (Prev. Binance Labs) Portfolio; Delphi Ventures Portfolio; Galaxy Digital Portfolio; Blockchain Capital Portfolio; OKX Ventures Portfolio; Polychain Capital Portfolio,,,,
TON,TON,L1_L2,L1_L2,OK,the-open-network,Toncoin,Smart Contract Platform; BNB Chain Ecosystem; Layer 1 (L1); Ethereum Ecosystem; Animoca Brands Portfolio; Alleged SEC Securities; DWF Labs Portfolio; TON Ecosystem; Proof of Stake (PoS); Pantera Capital Portfolio; GMCI Layer 1 Index; GMCI 30 Index; GMCI Index,,,,
TRX,TRX,L1_L2,L1_L2,OK,tron,TRON,Smart Contract Platform; Layer 1 (L1); Alleged SEC Securities; FTX Holdings; DWF Labs Portfolio; Tron Ecosystem; Proof of Stake (PoS); GMCI Layer 1 Index; GMCI 30 Index; GMCI Index; World Liberty Financial Portfolio; Made in China,,,,
VANRY,VANRY,L1_L2,L1_L2,OK,vanar-chain,Vanar Chain,Artificial Intelligence (AI); Smart Contract Platform; Layer 1 (L1); Polygon Ecosystem; Ethereum Ecosystem; Vanar Chain Ecosystem,,,,
VET,VET,L1_L2,L1_L2,OK,vechain,VeChain,Internet of Things (IOT); Smart Contract Platform; Layer 1 (L1); VeChain Ecosystem; Made in China,,,,
XION,XION,L1_L2,L1_L2,OK,xion-2,XION,Smart Contract Platform; Layer 1 (L1); Ethereum Ecosystem; Animoca Brands Portfolio; Base Ecosystem; Osmosis Ecosystem; Multicoin Capital Portfolio; Alameda Research Portfolio; DeFiance Capital Portfolio; Made in USA; Chain Abstraction; Base Native,,,,
XPL,XPL,L1_L2,L1_L2,OK,plasma,Plasma,Smart Contract Platform; BNB Chain Ecosystem; Layer 1 (L1); Binance HODLer Airdrops; Neobank; Echo Launchpad,,,,
XRP,XRP,L1_L2,L1_L2,OK,ripple,XRP,Smart Contract Platform; Layer 1 (L1); FTX Holdings; Pantera Capital Portfolio; Andreessen Horowitz (a16z) Portfolio; XRP Ledger Ecosystem; GMCI 30 Index; Blockchain Capital Portfolio; GMCI Index; Made in USA; Coinbase 50 Index,,,,
ZIL,ZIL,L1_L2,L1_L2,OK,zilliqa,Zilliqa,Smart Contract Platform; BNB Chain Ecosystem; GMCI Layer 1 Index; GMCI Index; Made in China,,,,
ZK,ZK,L1_L2,L1_L2,OK,zksync,ZKsync,Smart Contract Platform; Ethereum Ecosystem; Layer 2 (L2); Zero Knowledge (ZK); ZkSync Ecosystem; Consensys Portfolio; Blockchain Capital Portfolio; OKX Ventures Portfolio; Privacy Blockchain; Privacy Infrastructure; Privacy,,,,
ZRO,ZRO,L1_L2,L1_L2,OK,layerzero,LayerZero,Smart Contract Platform; BNB Chain Ecosystem; Avalanche Ecosystem; Polygon Ecosystem; Arbitrum Ecosystem; Ethereum Ecosystem; Optimism Ecosystem; Base Ecosystem; Multicoin Capital Portfolio; Layer 0 (L0); Cross-chain Communication; Circle Ventures Portfolio; Sequoia Capital Portfolio; OKX Ventures Portfolio; Base Native,,,,
CHILLGUY,CHILLGUY,MEME,MEME,OK,chill-guy,Just a chill guy,Solana Ecosystem; Meme; Dog-Themed; Solana Meme; Pump.fun Ecosystem; TikTok Meme,chillguy-just-a-chill-guy,Just a chill guy,Solana (SOL) Token; Meme Coin; Pump.fun Ecosystem,
DOGE,DOGE,MEME,MEME,OK,dogecoin,Dogecoin,Smart Contract Platform; Meme; Dog-Themed; Elon Musk-Inspired; Proof of Work (PoW); GMCI Meme Index; GMCI 30 Index; GMCI Index; Coinbase 50 Index; 4chan-Themed,doge-dogecoin,Dogecoin,Cryptocurrency; Payments; Scrypt; Proof Of Work; Charity & Donations; Auxiliary Proof Of Work; Mining; Meme Coin; Dog Meme Coin; Made in USA,
MELANIA,MELANIA,MEME,MEME,OK,melania-meme,Melania Meme,Solana Ecosystem; Meme; Solana Meme; PolitiFi; Made in USA; Trump-Affiliated,melania-melania-meme,Melania Meme,Solana (SOL) Token; Meme Coin; President Meme Coin; Made in USA,
MEW,MEW,MEME,MEME,OK,cat-in-a-dogs-world,cat in a dogs world,Solana Ecosystem; Meme; Dog-Themed; Solana Meme; Cat-Themed; Binance Alpha Spotlight; IP Meme,mew-cat-in-a-dogs-world,cat in a dogs world,Solana (SOL) Token; Cat Meme Coin,
POPCAT,POPCAT,MEME,MEME,OK,popcat,Popcat,Solana Ecosystem; Meme; Solana Meme; Cat-Themed; Murad Picks; Binance Alpha Spotlight,popcat-popcat,Popcat,Solana (SOL) Token; Meme Coin,
SHIB,SHIB,MEME,MEME,OK,shiba-inu,Shiba Inu,Meme; Ethereum Ecosystem; Animoca Brands Portfolio; Dog-Themed; GMCI Meme Index; GMCI 30 Index; GMCI Index; Coinbase 50 Index,shib-shiba-inu,Shiba Inu,Ethereum (ETH) Token (ERC-20); Meme Coin; Binance Coin (BNB) Token (BEP-20); Dog Meme Coin,
SHIB1000,SHIB,MEME,MEME,OK,shiba-inu,Shiba Inu,Meme; Ethereum Ecosystem; Animoca Brands Portfolio; Dog-Themed; GMCI Meme Index; GMCI 30 Index; GMCI Index; Coinbase 50 Index,shib-shiba-inu,Shiba Inu,Ethereum (ETH) Token (ERC-20); Meme Coin; Binance Coin (BNB) Token (BEP-20); Dog Meme Coin,
TRUMP,TRUMP,MEME,MEME,OK,official-trump,Official Trump,Solana Ecosystem; Meme; Solana Meme; PolitiFi; Made in USA; Trump-Affiliated,trump-official-trump,OFFICIAL TRUMP,Solana (SOL) Token; President Meme Coin; Meme Coin; Made in USA,
WIF,WIF,MEME,MEME,OK,dogwifcoin,dogwifhat,Solana Ecosystem; Meme; Dog-Themed; Solana Meme; GMCI Meme Index; GMCI Index; Unichain Ecosystem,wif-dogwifhat,dogwifhat,Solana (SOL) Token; Meme Coin; Dog Meme Coin,
DASH,DASH,PRIVACY,PRIVACY,OK,dash,Dash,Masternodes; Payment Solutions; Alleged SEC Securities; Proof of Stake (PoS); Proof of Work (PoW); Made in USA; Privacy,,,,
ZEC,ZEC,PRIVACY,PRIVACY,OK,zcash,Zcash,Privacy Coins; Layer 1 (L1); Near Protocol Ecosystem; Zero Knowledge (ZK); Proof of Work (PoW); Pantera Capital Portfolio; Made in USA; Coinbase 50 Index; Quantum-Resistant; Privacy,,,,
CFG,CFG,RWA,RWA,OK,centrifuge-2,Centrifuge,Ethereum Ecosystem; Real World Assets (RWA); Coinbase Ventures Portfolio; Circle Ventures Portfolio; Galaxy Digital Portfolio; RWA Protocol; CoinList Launchpad,,,,
ZKP,ZKP,WEB3_INFRA,WEB3_INFRA,OK,zkpass,zkPass,Infrastructure; Oracle; BNB Chain Ecosystem; Ethereum Ecosystem; Zero Knowledge (ZK); Animoca Brands Portfolio; Binance Alpha Spotlight; Binance Buildkey TGE; Privacy Infrastructure; Privacy,,,,
H,H,L1_L2,,REVIEW_NO_SECTOR_SIGNAL,,,,h-humanity,Humanity,Ethereum (ETH) Token (ERC-20),
STEEM,STEEM,WEB3_INFRA,,REVIEW_NO_SECTOR_SIGNAL,steem,Steem,SocialFi,,,,
AVAAI,AVAAI,AI,L1_L2,REVIEW_POSSIBLE_MISMATCH,,,,avaai-avaaitop,avaai.top,Base Ecosystem,
NEAR,NEAR,AI,WEB3_INFRA,REVIEW_POSSIBLE_MISMATCH,near,NEAR Protocol,Privacy Infrastructure; Andreessen Horowitz (a16z) Portfolio; Alleged SEC Securities; GMCI 30 Index; Smart Contract Platform; Coinbase Ventures Portfolio; Pantera Capital Portfolio; Alameda Research Portfolio; Chain Abstraction; Circle Ventures Portfolio; FTX Holdings; GMCI Layer 1 Index; Layer 1 (L1); Data Availability; CoinList Launchpad; DragonFly Capital Portfolio; Privacy; Made in USA; Coinbase 50 Index; GMCI Index; Near Protocol Ecosystem; Proof of Stake (PoS); Multicoin Capital Portfolio; Artificial Intelligence (AI),near-near-protocol,Near Protocol,Smart Contracts; Platform; Cryptocurrency; AI (Artificial Intelligence); Layer 1 (L1); Staking; Cross-chain; Zero Knowledge (ZK); FTX Holdings; Proof Of Stake; Alleged SEC Securities; Made in USA,
TAO,TAO,AI,DEPIN,REVIEW_POSSIBLE_MISMATCH,bittensor,Bittensor,Artificial Intelligence (AI); Smart Contract Platform; Layer 1 (L1); DePIN; Bittensor Ecosystem; Polychain Capital Portfolio,tao-bittensor,BitTensor,Cryptocurrency; AI (Artificial Intelligence); Big Data & Data Storage; DAO; Distributed Computing; Oracles,
WLD,WLD,AI,L1_L2,REVIEW_POSSIBLE_MISMATCH,worldcoin-wld,Worldcoin,Smart Contract Platform; Ethereum Ecosystem; Decentralized Identifier (DID); Optimism Ecosystem; Coinbase Ventures Portfolio; Multicoin Capital Portfolio; Andreessen Horowitz (a16z) Portfolio; Blockchain Capital Portfolio; Optimism Superchain Ecosystem; World Chain Ecosystem; Made in USA; Governance,wld-worldcoin,Worldcoin,Ethereum (ETH) Token (ERC-20); Optimism Ecosystem; Privacy & Security; Governance; Made in USA,
BTC,BTC,BTC_ECOSYSTEM,L1_L2,REVIEW_POSSIBLE_MISMATCH,bitcoin,Bitcoin,Smart Contract Platform; Layer 1 (L1); FTX Holdings; Proof of Work (PoW); Bitcoin Ecosystem; GMCI 30 Index; GMCI Index; Coinbase 50 Index,,,,
CKB,CKB,BTC_ECOSYSTEM,L1_L2,REVIEW_POSSIBLE_MISMATCH,nervos-network,Nervos Network,Smart Contract Platform; Interoperability; Layer 2 (L2); Rollup; Multicoin Capital Portfolio; Proof of Work (PoW); DragonFly Capital Portfolio; Sequoia Capital Portfolio; Blockchain Capital Portfolio; Polychain Capital Portfolio; Made in China; Quantum-Resistant,,,,
HEMI,HEMI,BTC_ECOSYSTEM,L1_L2,REVIEW_POSSIBLE_MISMATCH,hemi,Hemi,Smart Contract Platform; BNB Chain Ecosystem; Modular Blockchain; Binance HODLer Airdrops; BTCfi Protocol; Binance Wallet IDO; Hemi Ecosystem,,,,
MERL,MERL,BTC_ECOSYSTEM,L1_L2,REVIEW_POSSIBLE_MISMATCH,merlin-chain,Merlin Chain,Smart Contract Platform; BNB Chain Ecosystem; Ethereum Ecosystem; Layer 2 (L2); Merlin Chain Ecosystem; Bitcoin Sidechains; SideChain; OKX Ventures Portfolio; Made in China,,,,
SOLV,SOLV,BTC_ECOSYSTEM,AI,REVIEW_POSSIBLE_MISMATCH,solv-protocol,Solv Protocol,BNB Chain Ecosystem; Binance Megadrop; BTCfi Protocol; Made in China,,,,
STX,STX,BTC_ECOSYSTEM,L1_L2,REVIEW_POSSIBLE_MISMATCH,blockstack,Stacks,Infrastructure; Smart Contract Platform; Layer 2 (L2); Bitcoin Sidechains; Stacks Ecosystem; SideChain; GMCI Layer 2 Index; GMCI 30 Index; Blockchain Capital Portfolio; GMCI Index; Made in USA; Coinbase 50 Index; CoinList Launchpad,,,,
EIGEN,EIGEN,DEFI,AI,REVIEW_POSSIBLE_MISMATCH,eigenlayer,EigenCloud (prev. EigenLayer),Artificial Intelligence (AI); Infrastructure; Ethereum Ecosystem; Base Ecosystem; Data Availability; Restaking; Polychain Capital Portfolio; AI Framework; Made in USA; x402 Ecosystem,eigen-eigenlayer,Eigenlayer,Ethereum (ETH) Token (ERC-20); Liquid Staking Token (LST); Made in USA; x402 Ecosystem,
ENA,ENA,DEFI,L1_L2,REVIEW_POSSIBLE_MISMATCH,ethena,Ethena,Manta Network Ecosystem; Swellchain Ecosystem; Stablecoin Issuer; Avalanche Ecosystem; Kava Ecosystem; OKX Ventures Portfolio; Mode Ecosystem; Delphi Ventures Portfolio; Zircuit Ecosystem; Scroll Ecosystem; Morph L2 Ecosystem; TON Ecosystem; Optimism Ecosystem; Binance Launchpool; YZi Labs (Prev. Binance Labs) Portfolio; DragonFly Capital Portfolio; Metis Ecosystem; Base Ecosystem; Decentralized Finance (DeFi); World Liberty Financial Portfolio; Fraxtal Ecosystem; Blast Ecosystem; Mantle Ecosystem; Arbitrum Ecosystem; Ethereum Ecosystem; ZkSync Ecosystem; Governance,ena-ethena,Ethena,Ethereum (ETH) Token (ERC-20); DeFi; Binance Launchpool,
ENSO,ENSO,DEFI,AI,REVIEW_POSSIBLE_MISMATCH,enso,Enso,Infrastructure; BNB Chain Ecosystem; Ethereum Ecosystem; Multicoin Capital Portfolio; Intent; Polychain Capital Portfolio; Binance Alpha Spotlight; CoinList Launchpad,enso-enso,Enso,Binance Coin (BNB) Token (BEP-20); Ethereum (ETH) Token (ERC-20); Recently Added,
INIT,INIT,DEFI,L1_L2,REVIEW_POSSIBLE_MISMATCH,initia,Initia,Infrastructure; Smart Contract Platform; Binance Launchpool; Layer 1 (L1); Osmosis Ecosystem; YZi Labs (Prev. Binance Labs) Portfolio; Initia Ecosystem,init-initia,Initia,Ethereum (ETH) Token (ERC-20); Infrastructure; Layer 1 (L1),
MAV,MAV,DEFI,L1_L2,REVIEW_POSSIBLE_MISMATCH,maverick-protocol,Maverick Protocol,BNB Chain Ecosystem; Binance Launchpool; Ethereum Ecosystem; ZkSync Ecosystem; Base Ecosystem; Coinbase Ventures Portfolio; Pantera Capital Portfolio; YZi Labs (Prev. Binance Labs) Portfolio; Circle Ventures Portfolio; Base Native,mav-maverick-token,Maverick Token,Ethereum (ETH) Token (ERC-20); Binance Coin (BNB) Token (BEP-20); Binance Launchpool,
OPN,OPN,DEFI,AI,REVIEW_POSSIBLE_MISMATCH,opinion,Opinion,Gambling (GambleFi); BNB Chain Ecosystem; Prediction Markets; Ethereum Ecosystem; Binance Alpha Spotlight,opn-opinion,Opinion,Binance Coin (BNB) Token (BEP-20),
ORDER,ORDER,DEFI,L1_L2,REVIEW_POSSIBLE_MISMATCH,orderly-network,Orderly,Binance Alpha Spotlight; Avalanche Ecosystem; BNB Chain Ecosystem; Solana Ecosystem; Smart Contract Platform; Pantera Capital Portfolio; Base Native; OKX Ventures Portfolio; Abstract Ecosystem; Layer 2 (L2); Polygon Ecosystem; Optimism Ecosystem; DragonFly Capital Portfolio; Base Ecosystem; Decentralized Finance (DeFi); Sequoia Capital Portfolio; Perpetuals; Arbitrum Ecosystem; Ethereum Ecosystem; Optimism Superchain Ecosystem,order-orderly-network,Orderly Network,Ethereum (ETH) Token (ERC-20); Optimism Ecosystem; Arbitrum Ecosystem; Base Ecosystem; Polygon (MATIC) Token,
PUFFER,PUFFER,DEFI,L1_L2,REVIEW_POSSIBLE_MISMATCH,puffer-finance,Puffer,Smart Contract Platform; BNB Chain Ecosystem; Ethereum Ecosystem; Layer 2 (L2); Restaking; Liquid Restaking Governance Tokens; Rollup; Liquid Staking; Binance Alpha Spotlight; Made in USA,,,,
WLFI,WLFI,DEFI,L1_L2,REVIEW_POSSIBLE_MISMATCH,world-liberty-financial,World Liberty Financial,BNB Chain Ecosystem; Solana Ecosystem; Ethereum Ecosystem; Stablecoin Issuer; Made in USA; Trump-Affiliated,wlfi-official-world-liberty-financial,Official World Liberty Financial,Ethereum (ETH) Token (ERC-20); DeFi; Made in USA; Solana (SOL) Token; Binance Coin (BNB) Token (BEP-20),
ACH,ACH,DEPIN,AI,REVIEW_POSSIBLE_MISMATCH,alchemy-pay,Alchemy Pay,BNB Chain Ecosystem; Ethereum Ecosystem; Payment Solutions; DWF Labs Portfolio; Made in China,,,,
AIOZ,AIOZ,DEPIN,L1_L2,REVIEW_POSSIBLE_MISMATCH,aioz-network,AIOZ Network,Artificial Intelligence (AI); Smart Contract Platform; Storage; BNB Chain Ecosystem; Layer 1 (L1); Ethereum Ecosystem; DePIN; DWF Labs Portfolio; Osmosis Ecosystem; GMCI DePIN Index; GMCI Index,,,,
AKT,AKT,DEPIN,AI,REVIEW_POSSIBLE_MISMATCH,akash-network,Akash Network,Artificial Intelligence (AI); Smart Contract Platform; DePIN; Osmosis Ecosystem; Proof of Stake (PoS); Archway Ecosystem; Made in USA,,,,
AR,AR,DEPIN,AI,REVIEW_POSSIBLE_MISMATCH,arweave,Arweave,Artificial Intelligence (AI); Smart Contract Platform; Storage; Layer 1 (L1); DePIN; Coinbase Ventures Portfolio; Multicoin Capital Portfolio; Andreessen Horowitz (a16z) Portfolio; Blockchain Capital Portfolio,,,,
ATH,ATH,DEPIN,AI,REVIEW_POSSIBLE_MISMATCH,aethir,Aethir,Artificial Intelligence (AI); Infrastructure; Solana Ecosystem; Arbitrum Ecosystem; Impossible Finance Launchpad; Ethereum Ecosystem; DePIN; Animoca Brands Portfolio; Binance Alpha Spotlight,,,,
GRASS,GRASS,DEPIN,AI,REVIEW_POSSIBLE_MISMATCH,grass,Grass,Artificial Intelligence (AI); Solana Ecosystem; DePIN; Polychain Capital Portfolio; Binance Alpha Spotlight,,,,
GRT,GRT,DEPIN,AI,REVIEW_POSSIBLE_MISMATCH,the-graph,The Graph,Artificial Intelligence (AI); Infrastructure; Analytics; Avalanche Ecosystem; Polygon Ecosystem; Near Protocol Ecosystem; Harmony Ecosystem; Arbitrum Ecosystem; Ethereum Ecosystem; DePIN; Coinbase Ventures Portfolio; Multicoin Capital Portfolio; Proof of Stake (PoS); Energi Ecosystem; Sora Ecosystem; Made in USA; Coinbase 50 Index,,,,
HOLO,HOLO,DEPIN,AI,REVIEW_POSSIBLE_MISMATCH,holoworld,Holoworld,Artificial Intelligence (AI); Infrastructure; Solana Ecosystem; AI Agents; Binance HODLer Airdrops; AI Agent Launchpad; AI Framework,,,,
NAORIS,NAORIS,DEPIN,L1_L2,REVIEW_POSSIBLE_MISMATCH,naoris,Naoris Protocol,Infrastructure; Smart Contract Platform; BNB Chain Ecosystem; Ethereum Ecosystem; Layer 0 (L0); Binance Alpha Spotlight; Quantum-Resistant,,,,
PEAQ,PEAQ,DEPIN,L1_L2,REVIEW_POSSIBLE_MISMATCH,peaq-2,peaq,Smart Contract Platform; Layer 1 (L1); DePIN; Outlier Ventures Portfolio; Binance Alpha Spotlight; Robotics; x402 Ecosystem; CoinList Launchpad,,,,
SQD,SQD,DEPIN,AI,REVIEW_POSSIBLE_MISMATCH,subsquid,SQD,Artificial Intelligence (AI); Big Data; Analytics; BNB Chain Ecosystem; Arbitrum Ecosystem; Base Ecosystem; CoinList Launchpad; Base Native,,,,
THETA,THETA,DEPIN,AI,REVIEW_POSSIBLE_MISMATCH,theta-token,Theta Network,Artificial Intelligence (AI); Smart Contract Platform; Layer 1 (L1); DePIN; Theta Ecosystem; Blockchain Capital Portfolio; Made in USA,,,,
ZBCN,ZBCN,DEPIN,DEFI,REVIEW_POSSIBLE_MISMATCH,zebec-network,Zebec Network,Decentralized Finance (DeFi); Solana Ecosystem; Real World Assets (RWA); Payment Solutions; DePIN; Coinbase Ventures Portfolio; Alameda Research Portfolio; Circle Ventures Portfolio; OKX Ventures Portfolio; RWA Protocol; Made in USA,,,,
BIO,BIO,DESCI,L1_L2,REVIEW_POSSIBLE_MISMATCH,bio-protocol,Bio Protocol,BNB Chain Ecosystem; Binance Launchpool; Solana Ecosystem; Ethereum Ecosystem; Base Ecosystem; Decentralized Science (DeSci); Base Native,,,,
BNB,BNB,EXCHANGE,L1_L2,REVIEW_POSSIBLE_MISMATCH,binancecoin,BNB,Smart Contract Platform; Exchange-based Tokens; BNB Chain Ecosystem; Centralized Exchange (CEX) Token; Layer 1 (L1); Ethereum Ecosystem; Alleged SEC Securities; FTX Holdings; Proof of Stake (PoS); GMCI Layer 1 Index; GMCI 30 Index; GMCI Index; Made in China,,,,
CRO,CRO,EXCHANGE,L1_L2,REVIEW_POSSIBLE_MISMATCH,crypto-com-chain,Cronos,Smart Contract Platform; Exchange-based Tokens; Centralized Exchange (CEX) Token; Layer 1 (L1); Ethereum Ecosystem; GMCI Layer 1 Index; GMCI 30 Index; GMCI Index; Crypto Card Issuer,,,,
HYPE,HYPE,EXCHANGE,DEFI,REVIEW_POSSIBLE_MISMATCH,hyperliquid,Hyperliquid,Decentralized Exchange (DEX); Smart Contract Platform; Exchange-based Tokens; Decentralized Finance (DeFi); Derivatives; Perpetuals; Layer 1 (L1); Proof of Stake (PoS); Hyperliquid Ecosystem; Governance,,,,
TWT,TWT,EXCHANGE,AI,REVIEW_POSSIBLE_MISMATCH,trust-wallet-token,Trust Wallet,BNB Chain Ecosystem; Wallets; Account Abstraction; Energi Ecosystem,,,,
CHZ,CHZ,GAMEFI,L1_L2,REVIEW_POSSIBLE_MISMATCH,chiliz,Chiliz,Smart Contract Platform; Sports; NFT; Solana Ecosystem; Layer 1 (L1); Ethereum Ecosystem; Base Ecosystem; Alleged SEC Securities; Chiliz Ecosystem; YZi Labs (Prev. Binance Labs) Portfolio; Coinbase 50 Index,,,,
GUN,GUN,GAMEFI,L1_L2,REVIEW_POSSIBLE_MISMATCH,gunz,Gunz,Smart Contract Platform; Gaming (GameFi); Binance Launchpool; Solana Ecosystem; Layer 1 (L1); Avalanche Ecosystem; Play To Earn; Shooting Games; Coinbase Ventures Portfolio; Gaming Blockchains; Avalanche L1; YZi Labs (Prev. Binance Labs) Portfolio; Delphi Ventures Portfolio; Action Games; GUNZ Ecosystem,,,,
HIGH,HIGH,GAMEFI,L1_L2,REVIEW_POSSIBLE_MISMATCH,high,High,Base Ecosystem,,,,
MAGIC,MAGIC,GAMEFI,AI,REVIEW_POSSIBLE_MISMATCH,magic,Treasure,Artificial Intelligence (AI); NFT; Metaverse; Arbitrum Ecosystem; Ethereum Ecosystem; Layer 2 (L2); Zero Knowledge (ZK); Base Ecosystem; AI Agents; AI Agent Launchpad; x402 Ecosystem,,,,
OG,OG,GAMEFI,AI,REVIEW_POSSIBLE_MISMATCH,og-fan-token,OG Fan Token,Entertainment; Sports; Binance Launchpool; Fan Token; Chiliz Ecosystem; YZi Labs (Prev. Binance Labs) Portfolio,,,,
PORTAL,PORTAL,GAMEFI,L1_L2,REVIEW_POSSIBLE_MISMATCH,portal-2,Portal,Gaming (GameFi); Solana Ecosystem; Ethereum Ecosystem; Base Ecosystem; Gaming Platform,,,,
1000LUNC,LUNC,L1_L2,DEFI,REVIEW_POSSIBLE_MISMATCH,terra-luna,Terra Luna Classic,Smart Contract Platform; Decentralized Finance (DeFi); Coinbase Ventures Portfolio; DeFiance Capital Portfolio; Pantera Capital Portfolio; YZi Labs (Prev. Binance Labs) Portfolio; Galaxy Digital Portfolio,lunc-terra-classic,Terra Classic,,
BERA,BERA,L1_L2,DEFI,REVIEW_POSSIBLE_MISMATCH,berachain-bera,Berachain,Smart Contract Platform; Decentralized Finance (DeFi); Layer 1 (L1); Berachain Ecosystem; Binance HODLer Airdrops; Outlier Ventures Portfolio; Polychain Capital Portfolio,bera-berachain,Berachain,Cryptocurrency; Layer 1 (L1); DeFi,
EGLD,EGLD,L1_L2,AI,REVIEW_POSSIBLE_MISMATCH,elrond-erd-2,MultiversX,Artificial Intelligence (AI); Smart Contract Platform; Layer 1 (L1); MultiversX Ecosystem; Binance Launchpad; DWF Labs Portfolio; Proof of Stake (PoS); YZi Labs (Prev. Binance Labs) Portfolio; GMCI Layer 1 Index; GMCI Index; AI Framework; Coinbase 50 Index,egld-multiversx-elrond,MultiversX (Elrond),Layer 1 (L1); Proof Of Stake; Smart Contracts; Binance Launchpad,
FOGO,FOGO,L1_L2,DEFI,REVIEW_POSSIBLE_MISMATCH,fogo,Fogo,Smart Contract Platform; Decentralized Finance (DeFi); Layer 1 (L1); Binance Alpha Spotlight,fogo-fogo,Fogo,Layer 1 (L1); Recently Added,
IOTA,IOTA,L1_L2,DEFI,REVIEW_POSSIBLE_MISMATCH,iota,IOTA,Infrastructure; Smart Contract Platform; Decentralized Finance (DeFi); Layer 1 (L1); DePIN; DWF Labs Portfolio; Proof of Stake (PoS); IOTA EVM Ecosystem; Outlier Ventures Portfolio; Directed Acyclic Graph (DAG); IOTA Ecosystem,iota-iota,IOTA,Cryptocurrency; DePIN; Direct Acyclic Graph; Feeless; High Transaction Speed (TPS); Internet Of Things,
IP,IP,L1_L2,AI,REVIEW_POSSIBLE_MISMATCH,story-2,Story,Artificial Intelligence (AI); Smart Contract Platform; Layer 1 (L1); Binance Alpha Spotlight; Made in USA; Story Ecosystem; IP,ip-story,Story,Layer 1 (L1); Made in USA; Smart Contracts; AI (Artificial Intelligence),
ONT,ONT,L1_L2,AI,REVIEW_POSSIBLE_MISMATCH,ontology,Ontology,Smart Contract Platform; Masternodes; Proof of Stake (PoS); Made in China,ont-ontology,Ontology,Platform; Cross-chain; Monetization; NEO Token; Blockchain Service; Cryptocurrency; Ethereum (ETH) Token (ERC-20); Binance Coin (BNB) Token (BEP-20); Polygon (MATIC) Token,
Q,Q,L1_L2,AI,REVIEW_POSSIBLE_MISMATCH,quack-ai,Quack AI,Artificial Intelligence (AI); BNB Chain Ecosystem; Ethereum Ecosystem; AI Applications; Binance Alpha Spotlight; Governance,q-quack-ai,Quack AI,Ethereum (ETH) Token (ERC-20); Binance Coin (BNB) Token (BEP-20); AI (Artificial Intelligence),
SEI,SEI,L1_L2,DEFI,REVIEW_POSSIBLE_MISMATCH,sei-network,Sei,Smart Contract Platform; Decentralized Finance (DeFi); Layer 1 (L1); Parallelized EVM; Coinbase Ventures Portfolio; Multicoin Capital Portfolio; GMCI Layer 1 Index; Delphi Ventures Portfolio; Circle Ventures Portfolio; OKX Ventures Portfolio; GMCI Index; Sei Network Ecosystem; World Liberty Financial Portfolio; Made in USA,sei-sei,Sei,Layer 1 (L1); Made in USA; Real World Assets (RWA),
TAC,TAC,L1_L2,AI,REVIEW_POSSIBLE_MISMATCH,tac,TAC,Infrastructure; BNB Chain Ecosystem; TON Ecosystem; Binance Alpha Spotlight; TAC Ecosystem,,,,
XLM,XLM,L1_L2,RWA,REVIEW_POSSIBLE_MISMATCH,stellar,Stellar,Smart Contract Platform; Real World Assets (RWA); Stellar Ecosystem; GMCI 30 Index; GMCI Index; Made in USA; Coinbase 50 Index,,,,
1000000MOG,MOG,MEME,L1_L2,REVIEW_POSSIBLE_MISMATCH,mog-coin,Mog Coin,Avalanche Ecosystem; Meme; Ethereum Ecosystem; Base Ecosystem; Cat-Themed; Murad Picks; Binance Alpha Spotlight; 4chan-Themed; Base Native,mog-mog-coin,Mog Coin,Ethereum (ETH) Token (ERC-20); Meme Coin; Base Ecosystem,
1000BONK,BONK,MEME,L1_L2,REVIEW_POSSIBLE_MISMATCH,bonk,Bonk,BNB Chain Ecosystem; Solana Ecosystem; Polygon Ecosystem; Meme; Arbitrum Ecosystem; Ethereum Ecosystem; Aptos Ecosystem; Dog-Themed; Solana Meme; Neon Ecosystem; GMCI Meme Index; GMCI Index; Made in USA; Unichain Ecosystem; Coinbase 50 Index; 4chan-Themed,bonk-bonk,Bonk,Solana (SOL) Token; Polygon (MATIC) Token; Arbitrum Ecosystem; Binance Coin (BNB) Token (BEP-20); Ethereum (ETH) Token (ERC-20); Meme Coin; Dog Meme Coin; Made in USA,
1000FLOKI,FLOKI,MEME,GAMEFI,REVIEW_POSSIBLE_MISMATCH,floki,FLOKI,BNB Chain Ecosystem; GMCI Meme Index; Play To Earn; On-chain Gaming; DWF Labs Portfolio; RPG; TokenFi Launchpad; NFT; Metaverse; GMCI Index; Dog-Themed; Telegram Apps; Meme; Gaming (GameFi); Ethereum Ecosystem,floki-floki-inu,Floki Inu,Binance Coin (BNB) Token (BEP-20); Ethereum (ETH) Token (ERC-20); Meme Coin; NFT Token; Metaverse; Gaming,
1000NEIROCTO,NEIRO,MEME,L1_L2,REVIEW_POSSIBLE_MISMATCH,neiro-3,Neiro,BNB Chain Ecosystem; Meme; Ethereum Ecosystem; Base Ecosystem; Dog-Themed; HyperEVM Ecosystem; IP Meme; Base Native,neiro-first-neiro-on-ethereum,First Neiro On Ethereum,Ethereum (ETH) Token (ERC-20),
1000PEPE,PEPE,MEME,L1_L2,REVIEW_POSSIBLE_MISMATCH,pepe,Pepe,BNB Chain Ecosystem; Avalanche Ecosystem; Meme; Arbitrum Ecosystem; Ethereum Ecosystem; Frog-Themed; GMCI Meme Index; GMCI Index; The Boy’s Club; 4chan-Themed,pepe-pepe,Pepe,Ethereum (ETH) Token (ERC-20); Binance Coin (BNB) Token (BEP-20); Arbitrum Ecosystem; Frog Meme Coin; Meme Coin,
1000TURBO,TURBO,MEME,AI,REVIEW_POSSIBLE_MISMATCH,turbo,Turbo,Meme; Ethereum Ecosystem; Frog-Themed; AI Meme,turbo-turbo,Turbo,Ethereum (ETH) Token (ERC-20); Meme Coin; AI (Artificial Intelligence); Web3,
BANANAS31,BANANAS31,MEME,AI,REVIEW_POSSIBLE_MISMATCH,banana-for-scale-2,Banana For Scale,BNB Chain Ecosystem; Meme; Binance Alpha Spotlight,,,,
BASED,BASED,MEME,DEFI,REVIEW_POSSIBLE_MISMATCH,based-one,Based,Decentralized Exchange (DEX); Decentralized Finance (DeFi); BNB Chain Ecosystem; Derivatives; Perpetuals; Ethereum Ecosystem; Hyperliquid Ecosystem; Binance Alpha Spotlight; HyperEVM Ecosystem; Prediction Market Tools,based-based,Based,Binance Coin (BNB) Token (BEP-20); Decentralized Exchange (DEX); Derivative; Ethereum (ETH) Token (ERC-20); Perpetuals; Prediction Market,
BILL,BILL,MEME,AI,REVIEW_POSSIBLE_MISMATCH,billions-network,Billions Network,BNB Chain Ecosystem; Ethereum Ecosystem; Decentralized Identifier (DID); Mantle Ecosystem; Coinbase Ventures Portfolio; Quest-to-Earn; Polychain Capital Portfolio; Binance Alpha Spotlight,bill-billions-network,Billions Network,Binance Coin (BNB) Token (BEP-20); Ethereum (ETH) Token (ERC-20); Privacy; Recently Added,
BOME,BOME,MEME,DEFI,REVIEW_POSSIBLE_MISMATCH,book-of-meme,BOOK OF MEME,Solana Ecosystem; Meme; Frog-Themed; Solana Meme; GMCI Meme Index; GMCI Index,bome-book-of-meme,BOOK OF MEME,Solana (SOL) Token; Meme Coin,
BONK,BONK,MEME,L1_L2,REVIEW_POSSIBLE_MISMATCH,bonk,Bonk,BNB Chain Ecosystem; Solana Ecosystem; Polygon Ecosystem; Meme; Arbitrum Ecosystem; Ethereum Ecosystem; Aptos Ecosystem; Dog-Themed; Solana Meme; Neon Ecosystem; GMCI Meme Index; GMCI Index; Made in USA; Unichain Ecosystem; Coinbase 50 Index; 4chan-Themed,bonk-bonk,Bonk,Solana (SOL) Token; Polygon (MATIC) Token; Arbitrum Ecosystem; Binance Coin (BNB) Token (BEP-20); Ethereum (ETH) Token (ERC-20); Meme Coin; Dog Meme Coin; Made in USA,
BRETT,BRETT,MEME,AI,REVIEW_POSSIBLE_MISMATCH,based-brett,Brett,BNB Chain Ecosystem; Meme; Base Ecosystem; Frog-Themed; Base Meme; The Boy’s Club; Base Native,brett-brett-base,Brett (Base),Base Ecosystem; Meme Coin,
FARTCOIN,FARTCOIN,MEME,AI,REVIEW_POSSIBLE_MISMATCH,fartcoin,Fartcoin,Solana Ecosystem; Meme; Solana Meme; AI Meme; Pump.fun Ecosystem; Terminal of Truths; Binance Alpha Spotlight,fartcoin-fartcoin,Fartcoin,Solana (SOL) Token; Meme Coin; Pump.fun Ecosystem,
FLOKI,FLOKI,MEME,GAMEFI,REVIEW_POSSIBLE_MISMATCH,floki,FLOKI,BNB Chain Ecosystem; GMCI Meme Index; Play To Earn; On-chain Gaming; DWF Labs Portfolio; RPG; TokenFi Launchpad; NFT; Metaverse; GMCI Index; Dog-Themed; Telegram Apps; Meme; Gaming (GameFi); Ethereum Ecosystem,floki-floki-inu,Floki Inu,Binance Coin (BNB) Token (BEP-20); Ethereum (ETH) Token (ERC-20); Meme Coin; NFT Token; Metaverse; Gaming,
GIGA,GIGA,MEME,L1_L2,REVIEW_POSSIBLE_MISMATCH,gigachad-2,Gigachad,Solana Ecosystem; Meme; Solana Meme; Murad Picks; 4chan-Themed,giga-gigachad,Gigachad,Solana (SOL) Token; Meme Coin,
GIGGLE,GIGGLE,MEME,AI,REVIEW_POSSIBLE_MISMATCH,giggle-fund,Giggle Fund,BNB Chain Ecosystem; Meme,giggle-giggle-fund-1,Giggle Fund,Binance Coin (BNB) Token (BEP-20); Meme Coin; Recently Added,
GOAT,GOAT,MEME,AI,REVIEW_POSSIBLE_MISMATCH,goatseus-maximus,Goatseus Maximus,Solana Ecosystem; Meme; Solana Meme; AI Meme; Pump.fun Ecosystem; Terminal of Truths; Binance Alpha Spotlight,goat-goatseus-maximus,Goatseus Maximus,Solana (SOL) Token; Meme Coin,
JELLYJELLY,JELLYJELLY,MEME,L1_L2,REVIEW_POSSIBLE_MISMATCH,jelly-my-jelly,Jelly-My-Jelly,Solana Ecosystem; Pump.fun Ecosystem; Binance Alpha Spotlight,jellyjelly-jelly-my-jelly,Jelly-My-Jelly,Solana (SOL) Token; Pump.fun Ecosystem,
MEME,MEME,MEME,DEFI,REVIEW_POSSIBLE_MISMATCH,memecoin-2,Memecoin,NFT; Binance Launchpool; Meme; Ethereum Ecosystem; YZi Labs (Prev. Binance Labs) Portfolio; GMCI Meme Index; GMCI Index,meme-memecoin,Memecoin,Ethereum (ETH) Token (ERC-20); Meme Coin; NFT Token; Binance Launchpool,
MOODENG,MOODENG,MEME,L1_L2,REVIEW_POSSIBLE_MISMATCH,moo-deng,Moo Deng,Solana Ecosystem; Meme; Solana Meme; Pump.fun Ecosystem; Zoo-Themed; Binance Alpha Spotlight; TikTok Meme,moodeng-moo-deng-moodengsolcom,Moo Deng (moodengsol.com),Solana (SOL) Token; Meme Coin; Pump.fun Ecosystem,
MUBARAK,MUBARAK,MEME,AI,REVIEW_POSSIBLE_MISMATCH,mubarak,Mubarak,BNB Chain Ecosystem; Meme,mubarak-mubarak,Mubarak,Binance Coin (BNB) Token (BEP-20); Meme Coin,
PENGU,PENGU,MEME,L1_L2,REVIEW_POSSIBLE_MISMATCH,pudgy-penguins,Pudgy Penguins,BNB Chain Ecosystem; Solana Ecosystem; Meme; Ethereum Ecosystem; Solana Meme; Binance HODLer Airdrops; Airdropped Tokens by NFT Projects; Abstract Ecosystem; Made in USA; HyperEVM Ecosystem; IP Meme,pengu-pudgy-penguins,Pudgy Penguins,Solana (SOL) Token; NFT Token; Made in USA,
PEPE,PEPE,MEME,L1_L2,REVIEW_POSSIBLE_MISMATCH,pepe,Pepe,BNB Chain Ecosystem; Avalanche Ecosystem; Meme; Arbitrum Ecosystem; Ethereum Ecosystem; Frog-Themed; GMCI Meme Index; GMCI Index; The Boy’s Club; 4chan-Themed,pepe-pepe,Pepe,Ethereum (ETH) Token (ERC-20); Binance Coin (BNB) Token (BEP-20); Arbitrum Ecosystem; Frog Meme Coin; Meme Coin,
PIPPIN,PIPPIN,MEME,AI,REVIEW_POSSIBLE_MISMATCH,pippin,pippin,Artificial Intelligence (AI); Infrastructure; Solana Ecosystem; Meme; Solana Meme; AI Meme; AI Agents; Pump.fun Ecosystem; Binance Alpha Spotlight; AI Framework,pippin-pippin,Pippin,Solana (SOL) Token,
PNUT,PNUT,MEME,L1_L2,REVIEW_POSSIBLE_MISMATCH,peanut-the-squirrel,Peanut the Squirrel,Solana Ecosystem; Meme; Solana Meme; Pump.fun Ecosystem; Zoo-Themed; Memorial Themed,pnut-peanut-the-squirrel,Peanut the Squirrel,Solana (SOL) Token; Meme Coin,
SPX,SPX,MEME,L1_L2,REVIEW_POSSIBLE_MISMATCH,spx6900,SPX6900,Solana Ecosystem; Avalanche Ecosystem; Meme; Ethereum Ecosystem; Base Ecosystem; Bridged-Tokens; Murad Picks; Stock market-themed; 4chan-Themed; Base Native,spx-spx6900,SPX6900,Base Ecosystem; Ethereum (ETH) Token (ERC-20); Meme Coin; Solana (SOL) Token,
TRUTH,TRUTH,MEME,AI,REVIEW_POSSIBLE_MISMATCH,swarm-network,Swarm Network,Artificial Intelligence (AI); Zero Knowledge (ZK); Sui Ecosystem; Binance Alpha Spotlight; AI Framework,truth-swarm-network,Swarm Network,Recently Added; Sui Ecosystem,
USELESS,USELESS,MEME,AI,REVIEW_POSSIBLE_MISMATCH,useless-3,Useless Coin,BNB Chain Ecosystem; Solana Ecosystem; Meme; Solana Meme; BONK.fun Ecosystem,useless-useless-coin,Useless Coin,Solana (SOL) Token; Meme Coin,
VINE,VINE,MEME,L1_L2,REVIEW_POSSIBLE_MISMATCH,vine,Vine,Solana Ecosystem; Meme; Solana Meme; Pump.fun Ecosystem; Binance Alpha Spotlight,vine-vine-coin,Vine Coin,Solana (SOL) Token; Meme Coin; Pump.fun Ecosystem,
ZEREBRO,ZEREBRO,MEME,AI,REVIEW_POSSIBLE_MISMATCH,zerebro,Zerebro,Solana Ecosystem; Meme; Solana Meme; AI Meme; Pump.fun Ecosystem; Binance Alpha Spotlight,zerebro-zerebro,Zerebro,Solana (SOL) Token; Meme Coin; AI Agents,
MINA,MINA,PRIVACY,L1_L2,REVIEW_POSSIBLE_MISMATCH,mina-protocol,Mina Protocol,Smart Contract Platform; Layer 1 (L1); Zero Knowledge (ZK); FTX Holdings; Paradigm Portfolio; Coinbase Ventures Portfolio; Multicoin Capital Portfolio; Proof of Stake (PoS); Pantera Capital Portfolio; Circle Ventures Portfolio; Privacy Blockchain; Polychain Capital Portfolio; Made in USA; Coinbase 50 Index; CoinList Launchpad,,,,
ROSE,ROSE,PRIVACY,L1_L2,REVIEW_POSSIBLE_MISMATCH,oasis-network,Oasis,Smart Contract Platform; BNB Chain Ecosystem; Layer 1 (L1); Proof of Stake (PoS); Pantera Capital Portfolio; Andreessen Horowitz (a16z) Portfolio; YZi Labs (Prev. Binance Labs) Portfolio; Blockchain Capital Portfolio; Privacy Blockchain; Polychain Capital Portfolio; Coinbase 50 Index; Privacy Infrastructure; Privacy,,,,
XMR,XMR,PRIVACY,L1_L2,REVIEW_POSSIBLE_MISMATCH,monero,Monero,Smart Contract Platform; Privacy Coins; Layer 1 (L1); Proof of Work (PoW); Galaxy Digital Portfolio; Privacy,,,,
ZEN,ZEN,PRIVACY,WEB3_INFRA,REVIEW_POSSIBLE_MISMATCH,zencash,Horizen,Zero Knowledge (ZK); Base Ecosystem; Made in USA; Privacy Infrastructure; Base Native; Horizen Ecosystem; Privacy,,,,
HBAR,HBAR,RWA,L1_L2,REVIEW_POSSIBLE_MISMATCH,hedera-hashgraph,Hedera,Smart Contract Platform; Layer 1 (L1); Hedera Ecosystem; GMCI Layer 1 Index; GMCI 30 Index; GMCI Index; Outlier Ventures Portfolio; Made in USA; Directed Acyclic Graph (DAG),,,,
LINK,LINK,RWA,DEFI,REVIEW_POSSIBLE_MISMATCH,chainlink,Chainlink,MegaETH Ecosystem; Cross-chain Communication; Privacy Infrastructure; X Layer Ecosystem; Etherlink Ecosystem; Huobi ECO Chain Ecosystem; Avalanche Ecosystem; GMCI 30 Index; Monad Ecosystem; Osmosis Ecosystem; BNB Chain Ecosystem; Solana Ecosystem; Base Native; Superseed Ecosystem; Soneium Ecosystem; XDC Ecosystem; Chain Abstraction; Bittensor Ecosystem; Hydration Ecosystem; Henesys Ecosystem; Katana Ecosystem; World Chain Ecosystem; Polygon zkEVM Ecosystem; Botanix Ecosystem; Abstract Ecosystem; Hemi Ecosystem; ApeChain Ecosystem; Cronos Ecosystem; Cronos zkEVM Ecosystem; Kroma Ecosystem; Mode Ecosystem; Moonriver Ecosystem; x402 Ecosystem; Zora Ecosystem; Zircuit Ecosystem; Scroll Ecosystem; Merlin Chain Ecosystem; Plasma Ecosystem; Plume Network Ecosystem; Kaia Ecosystem; Bittensor EVM Ecosystem; Polygon Ecosystem; Optimism Ecosystem; Privacy; Made in USA; Coinbase 50 Index; Ronin Ecosystem; TAC Ecosystem; GMCI Index; Near Protocol Ecosystem; Linea Ecosystem; Metis Ecosystem; Mint Ecosystem; Lens Ecosystem; Base Ecosystem; Gnosis Chain Ecosystem; GMCI DeFi Index; Infrastructure; Decentralized Finance (DeFi); World Liberty Financial Portfolio; Sora Ecosystem; Milkomeda (Cardano) Ecosystem; Oracle; Starknet Ecosystem; RWA Protocol; Shibarium Ecosystem; Artificial Intelligence (AI); NEO Ecosystem; BOB Network Ecosystem; Hedera Ecosystem; HashKey Chain Ecosystem; WEMIX Ecosystem; Ink Ecosystem; Sei Network Ecosystem; Rootstock Ecosystem; Fraxtal Ecosystem; HyperEVM Ecosystem; Moonbeam Ecosystem; Corn Ecosystem; Astar Ecosystem; Berachain Ecosystem; Bitlayer Ecosystem; Blast Ecosystem; BSquared Network Ecosystem; Celo Ecosystem; Core Ecosystem; Mantle Ecosystem; Harmony Ecosystem; Arbitrum Ecosystem; Fantom Ecosystem; Lisk Ecosystem; opBNB Ecosystem; Unichain Ecosystem; ZkSync Ecosystem; Sonic Ecosystem; Real World Assets (RWA); Optimism Superchain Ecosystem; Energi Ecosystem,,,,
MKR,MKR,RWA,DEFI,REVIEW_POSSIBLE_MISMATCH,maker,Maker,Decentralized Finance (DeFi); Avalanche Ecosystem; Polygon Ecosystem; Ethereum Ecosystem; Real World Assets (RWA); Paradigm Portfolio; Index Coop Defi Index; Stablecoin Issuer; DragonFly Capital Portfolio; Andreessen Horowitz (a16z) Portfolio; Energi Ecosystem; Sora Ecosystem; GMCI DeFi Index; RWA Protocol; GMCI Index; Polychain Capital Portfolio; Made in USA; Coinbase 50 Index; Governance,,,,
ONDO,ONDO,RWA,DEFI,REVIEW_POSSIBLE_MISMATCH,ondo-finance,Ondo,Decentralized Finance (DeFi); Ethereum Ecosystem; Real World Assets (RWA); Coinbase Ventures Portfolio; Pantera Capital Portfolio; GMCI DeFi Index; RWA Protocol; GMCI Index; World Liberty Financial Portfolio; Binance Alpha Spotlight; Made in USA; CoinList Launchpad,,,,
PLUME,PLUME,RWA,L1_L2,REVIEW_POSSIBLE_MISMATCH,plume,Plume,Smart Contract Platform; BNB Chain Ecosystem; Layer 1 (L1); Ethereum Ecosystem; Real World Assets (RWA); RWA Protocol; Binance HODLer Airdrops; Made in USA; Plume Network Ecosystem,,,,
POLYX,POLYX,RWA,L1_L2,REVIEW_POSSIBLE_MISMATCH,polymesh,Polymesh,Smart Contract Platform; Layer 1 (L1); Real World Assets (RWA); RWA Protocol,,,,
RIO,RIO,RWA,L1_L2,REVIEW_POSSIBLE_MISMATCH,realio-network,Realio Network Token,BNB Chain Ecosystem; Solana Ecosystem; Layer 1 (L1); Ethereum Ecosystem; Algorand Ecosystem; Real World Assets (RWA); Base Ecosystem; Osmosis Ecosystem; Stellar Ecosystem; RWA Protocol; Made in USA; Base Native,,,,
XDC,XDC,RWA,L1_L2,REVIEW_POSSIBLE_MISMATCH,xdce-crowd-sale,XDC Network,Smart Contract Platform; Layer 1 (L1); Real World Assets (RWA),,,,
CRCL,CRCL,TOKENIZED_ASSETS,MEME,REVIEW_POSSIBLE_MISMATCH,just-a-circle,Just a Circle,Meme; Solana Meme,,,,
PAXG,PAXG,TOKENIZED_ASSETS,RWA,REVIEW_POSSIBLE_MISMATCH,pax-gold,PAX Gold,Tokenized Assets; Tokenized Gold; Ethereum Ecosystem; Real World Assets (RWA); Tokenized Commodities; Paxos Ecosystem,,,,
XAU,XAU,TOKENIZED_ASSETS,L1_L2,REVIEW_POSSIBLE_MISMATCH,gold-8,Gold,Solana Ecosystem; Meme; Solana Meme,,,,
XAUT,XAUT,TOKENIZED_ASSETS,RWA,REVIEW_POSSIBLE_MISMATCH,tether-gold,Tether Gold,Tokenized Assets; Tokenized Gold; Ethereum Ecosystem; Real World Assets (RWA); Tokenized Commodities; Tether Ecosystem,,,,
API3,API3,WEB3_INFRA,DEFI,REVIEW_POSSIBLE_MISMATCH,api3,Api3,Decentralized Finance (DeFi); Oracle; Ethereum Ecosystem; DWF Labs Portfolio; Pantera Capital Portfolio; Governance,,,,
AXL,AXL,WEB3_INFRA,L1_L2,REVIEW_POSSIBLE_MISMATCH,axelar,Axelar,Infrastructure; BNB Chain Ecosystem; Avalanche Ecosystem; Polygon Ecosystem; Fantom Ecosystem; Arbitrum Ecosystem; Moonbeam Ecosystem; Ethereum Ecosystem; Optimism Ecosystem; Interoperability; Bridge Governance Tokens; Base Ecosystem; Osmosis Ecosystem; Cross-chain Communication; Secret Ecosystem; Galaxy Digital Portfolio; Polychain Capital Portfolio; Made in USA; CoinList Launchpad,,,,
BLUR,BLUR,WEB3_INFRA,DEFI,REVIEW_POSSIBLE_MISMATCH,blur,Blur,NFT; Ethereum Ecosystem; NFT Marketplace; FTX Holdings; NFTFi; eGirl Capital Portfolio; Paradigm Portfolio; GMCI DeFi Index; GMCI Index; Made in USA; Coinbase 50 Index,,,,
DIA,DIA,WEB3_INFRA,RWA,REVIEW_POSSIBLE_MISMATCH,dia-data,DIA,Infrastructure; Decentralized Finance (DeFi); Oracle; BNB Chain Ecosystem; Ethereum Ecosystem; Real World Assets (RWA); Sora Ecosystem; Outlier Ventures Portfolio,,,,
EDU,EDU,WEB3_INFRA,AI,REVIEW_POSSIBLE_MISMATCH,edu-coin,Open Campus,Education; BNB Chain Ecosystem; Polygon Ecosystem; Ethereum Ecosystem; Binance Launchpad; YZi Labs (Prev. Binance Labs) Portfolio,,,,
ENS,ENS,WEB3_INFRA,GAMEFI,REVIEW_POSSIBLE_MISMATCH,ethereum-name-service,Ethereum Name Service,NFT; Ethereum Ecosystem; Decentralized Identifier (DID); Name Service; Governance,,,,
LIT,LIT,WEB3_INFRA,DEFI,REVIEW_POSSIBLE_MISMATCH,lighter,Lighter,Decentralized Exchange (DEX); Decentralized Finance (DeFi); Derivatives; Perpetuals; Ethereum Ecosystem; Made in USA,,,,
NIL,NIL,WEB3_INFRA,AI,REVIEW_POSSIBLE_MISMATCH,nillion,Nillion,Artificial Intelligence (AI); Infrastructure; Binance Launchpool; Ethereum Ecosystem; CoinList Launchpad; Privacy Infrastructure; Privacy,,,,
PEOPLE,PEOPLE,WEB3_INFRA,MEME,REVIEW_POSSIBLE_MISMATCH,constitutiondao,ConstitutionDAO,Meme; Ethereum Ecosystem; PolitiFi,,,,
PYTH,PYTH,WEB3_INFRA,DEFI,REVIEW_POSSIBLE_MISMATCH,pyth-network,Pyth Network,Infrastructure; Decentralized Finance (DeFi); Oracle; Analytics; Solana Ecosystem; Neon Ecosystem; Manta Network Ecosystem; Multicoin Capital Portfolio; GMCI DeFi Index; Delphi Ventures Portfolio; GMCI Index,,,,
QNT,QNT,WEB3_INFRA,RWA,REVIEW_POSSIBLE_MISMATCH,quant-network,Quant,Infrastructure; Ethereum Ecosystem; Real World Assets (RWA); Energi Ecosystem; Coinbase 50 Index,,,,
RED,RED,WEB3_INFRA,RWA,REVIEW_POSSIBLE_MISMATCH,redstone-oracles,RedStone,Infrastructure; Oracle; Binance Launchpool; Ethereum Ecosystem; Real World Assets (RWA); Base Ecosystem; Base Native,,,,
SIGN,SIGN,WEB3_INFRA,L1_L2,REVIEW_POSSIBLE_MISMATCH,sign-global,Sign,Analytics; BNB Chain Ecosystem; Ethereum Ecosystem; Zero Knowledge (ZK); Base Ecosystem; Binance HODLer Airdrops; Base Native,,,,
SXT,SXT,WEB3_INFRA,L1_L2,REVIEW_POSSIBLE_MISMATCH,space-and-time,Space and Time,Smart Contract Platform; Ethereum Ecosystem; Zero Knowledge (ZK); Base Ecosystem,,,,
TNSR,TNSR,WEB3_INFRA,GAMEFI,REVIEW_POSSIBLE_MISMATCH,tensor,Tensor,NFT; Solana Ecosystem; NFT Marketplace,,,,
TOWNS,TOWNS,WEB3_INFRA,L1_L2,REVIEW_POSSIBLE_MISMATCH,towns,Towns,Communication; Smart Contract Platform; SocialFi; BNB Chain Ecosystem; Layer 2 (L2); Base Ecosystem; Binance HODLer Airdrops; Binance Alpha Spotlight; Base Native,,,,
TRB,TRB,WEB3_INFRA,DEFI,REVIEW_POSSIBLE_MISMATCH,tellor,Tellor Tributes,Decentralized Finance (DeFi); Oracle; Polygon Ecosystem; Gnosis Chain Ecosystem; Arbitrum Ecosystem; Ethereum Ecosystem; Optimism Ecosystem; Manta Network Ecosystem; YZi Labs (Prev. Binance Labs) Portfolio; Lisk Ecosystem; Made in USA,,,,
WCT,WCT,WEB3_INFRA,L1_L2,REVIEW_POSSIBLE_MISMATCH,connect-token-wct,WalletConnect Token,Binance Launchpool; Solana Ecosystem; Wallets; Ethereum Ecosystem; Optimism Ecosystem; Base Ecosystem; CoinList Launchpad; Base Native,,,,
ZORA,ZORA,WEB3_INFRA,L1_L2,REVIEW_POSSIBLE_MISMATCH,zora,Zora,Infrastructure; Media; Smart Contract Platform; SocialFi; NFT; Launchpad; Layer 2 (L2); Base Ecosystem; Coinbase Ventures Portfolio; Zora Ecosystem; Binance Alpha Spotlight; Base Native,,,,
AKE,AKE,AI,AI,APPLIED_FROM_UNCLASSIFIED,akedo,Akedo,Artificial Intelligence (AI); BNB Chain Ecosystem; AI Applications; Binance Wallet IDO,,,,moved to AI
ALCH,ALCH,AI,AI,APPLIED_FROM_UNCLASSIFIED,alchemist-ai,Alchemist AI,Artificial Intelligence (AI); Solana Ecosystem; Pump.fun Ecosystem; AI Applications; Binance Alpha Spotlight,,,,moved to AI
ARC,ARC,AI,AI,APPLIED_FROM_UNCLASSIFIED,ai-rig-complex,AI Rig Complex,Artificial Intelligence (AI); Infrastructure; Solana Ecosystem; AI Agents; Pump.fun Ecosystem; AI Agent Launchpad; Binance Alpha Spotlight; AI Framework,,,,moved to AI
AVNT,AVNT,DEFI,DEFI,APPLIED_FROM_UNCLASSIFIED,avantis,Avantis,Decentralized Finance (DeFi); Derivatives; Perpetuals; Base Ecosystem; Binance HODLer Airdrops; Binance Alpha Spotlight; Made in USA; Base Native,,,,moved to DEFI
B3,B3,L1_L2,L1_L2,APPLIED_FROM_UNCLASSIFIED,b3,B3 (Base),Smart Contract Platform; Base Ecosystem; Gaming Blockchains; Base Native,,,,moved to L1_L2
BABY,BABY,BTC_ECOSYSTEM,DEFI,APPLIED_FROM_UNCLASSIFIED,babylon,Babylon,Decentralized Finance (DeFi); LSDFi; Paradigm Portfolio; YZi Labs (Prev. Binance Labs) Portfolio; Galaxy Digital Portfolio; OKX Ventures Portfolio; Liquid Staking; Binance HODLer Airdrops; BTCfi Protocol; Polychain Capital Portfolio,,,,moved to BTC_ECOSYSTEM
BANK,BANK,BTC_ECOSYSTEM,AI,APPLIED_FROM_UNCLASSIFIED,lorenzo-protocol,Lorenzo Protocol,BNB Chain Ecosystem; YZi Labs (Prev. Binance Labs) Portfolio; Liquid Staking; BTCfi Protocol,,,,moved to BTC_ECOSYSTEM
BARD,BARD,BTC_ECOSYSTEM,DEFI,APPLIED_FROM_UNCLASSIFIED,lombard-protocol,Lombard,Decentralized Finance (DeFi); BNB Chain Ecosystem; Ethereum Ecosystem; Binance HODLer Airdrops; BTCfi Protocol; Binance Alpha Spotlight; Buidlpad Launchpad,,,,moved to BTC_ECOSYSTEM
BB,BB,L1_L2,L1_L2,APPLIED_FROM_UNCLASSIFIED,bouncebit,BounceBit,Smart Contract Platform; Solana Ecosystem; Layer 1 (L1); Ethereum Ecosystem; Restaking; Proof of Stake (PoS); DeFiance Capital Portfolio; YZi Labs (Prev. Binance Labs) Portfolio; Binance Megadrop; Blockchain Capital Portfolio; OKX Ventures Portfolio,,,,moved to L1_L2
BLEND,BLEND,L1_L2,L1_L2,APPLIED_FROM_UNCLASSIFIED,fluent-network,Fluent,Infrastructure; Solana Ecosystem; Ethereum Ecosystem; Layer 2 (L2),,,,moved to L1_L2
BSB,BSB,DEFI,DEFI,APPLIED_FROM_UNCLASSIFIED,block-street,Block Street,Infrastructure; Decentralized Finance (DeFi); BNB Chain Ecosystem; Ethereum Ecosystem; Base Ecosystem; Binance Alpha Spotlight,,,,moved to DEFI
CC,CC,L1_L2,L1_L2,APPLIED_FROM_UNCLASSIFIED,canton-network,Canton,Smart Contract Platform; Layer 1 (L1); Privacy Blockchain,,,,moved to L1_L2
CHIP,CHIP,DEFI,L1_L2,APPLIED_FROM_UNCLASSIFIED,chip-2,USD.AI,Decentralized Finance (DeFi); Solana Ecosystem; Arbitrum Ecosystem; Ethereum Ecosystem; Base Ecosystem; Stablecoin Issuer; YZi Labs (Prev. Binance Labs) Portfolio; Binance HODLer Airdrops; Binance Alpha Spotlight; Governance; CoinList Launchpad,,,,moved to DEFI
CLO,CLO,DEFI,DEFI,APPLIED_FROM_UNCLASSIFIED,yei-finance,Yei Finance,Decentralized Exchange (DEX); Infrastructure; Exchange-based Tokens; Decentralized Finance (DeFi); BNB Chain Ecosystem; Lending/Borrowing Protocols; Cross-chain Communication; Sei Network Ecosystem; Binance Alpha Spotlight,,,,moved to DEFI
CYS,CYS,L1_L2,L1_L2,APPLIED_FROM_UNCLASSIFIED,cysic,Cysic,Infrastructure; Smart Contract Platform; BNB Chain Ecosystem; Zero Knowledge (ZK); Base Ecosystem; OKX Ventures Portfolio; Polychain Capital Portfolio; Binance Alpha Spotlight; Base Native,,,,moved to L1_L2
EDGE,EDGE,DEFI,DEFI,APPLIED_FROM_UNCLASSIFIED,edgex,edgeX,Decentralized Exchange (DEX); Exchange-based Tokens; Decentralized Finance (DeFi); Ethereum Ecosystem,,,,moved to DEFI
FF,FF,DEFI,DEFI,APPLIED_FROM_UNCLASSIFIED,falcon-finance-ff,Falcon Finance,Decentralized Exchange (DEX); Exchange-based Tokens; Decentralized Finance (DeFi); BNB Chain Ecosystem; Ethereum Ecosystem; Binance HODLer Airdrops; Binance Alpha Spotlight; Buidlpad Launchpad,,,,moved to DEFI
FHE,FHE,AI,AI,APPLIED_FROM_UNCLASSIFIED,mind-network,Mind Network,Artificial Intelligence (AI); Smart Contract Platform; BNB Chain Ecosystem; Layer 2 (L2); Binance Wallet IDO,,,,moved to AI
GENIUS,GENIUS,UNCLASSIFIED_BYBIT_1M,AI,UNCLASSIFIED_HAS_SUGGESTION,genius-3,Genius,Analytics; BNB Chain Ecosystem; Perpetuals; YZi Labs (Prev. Binance Labs) Portfolio; Binance Alpha Spotlight,,,,
HYPER,HYPER,WEB3_INFRA,WEB3_INFRA,APPLIED_FROM_UNCLASSIFIED,hyperlane,Hyperlane,Infrastructure; BNB Chain Ecosystem; Arbitrum Ecosystem; Ethereum Ecosystem; Optimism Ecosystem; Interoperability; Base Ecosystem; Cross-chain Communication; Binance HODLer Airdrops; Binance Wallet IDO; Base Native,,,,moved to WEB3_INFRA
ICNT,ICNT,DEPIN,DEPIN,APPLIED_FROM_UNCLASSIFIED,impossible-cloud-network-token,Impossible Cloud Network Token,Infrastructure; Storage; Ethereum Ecosystem; DePIN; Base Ecosystem; Binance Alpha Spotlight; Base Native,,,,moved to DEPIN
INX,INX,DEFI,DEFI,APPLIED_FROM_UNCLASSIFIED,infinex-2,Infinex,Decentralized Exchange (DEX); Exchange-based Tokens; Decentralized Finance (DeFi); BNB Chain Ecosystem; Perpetuals; Solana Ecosystem; Wallets; Ethereum Ecosystem; Binance Alpha Spotlight,,,,moved to DEFI
JCT,JCT,DEPIN,AI,APPLIED_FROM_UNCLASSIFIED,janction,Janction,BNB Chain Ecosystem; DePIN; Binance Alpha Spotlight,,,,moved to DEPIN
KAT,KAT,DEFI,DEFI,APPLIED_FROM_UNCLASSIFIED,katana-network-token,Katana,Decentralized Finance (DeFi); Yield Farming; Layer 2 (L2); Binance Alpha Spotlight; Katana Ecosystem,,,,moved to DEFI
KGEN,KGEN,WEB3_INFRA,AI,APPLIED_FROM_UNCLASSIFIED,kgen,KGeN,BNB Chain Ecosystem; Decentralized Identifier (DID); Binance Alpha Spotlight,,,,moved to WEB3_INFRA
LAB,LAB,DEFI,DEFI,APPLIED_FROM_UNCLASSIFIED,lab,LAB,Decentralized Finance (DeFi); Analytics; BNB Chain Ecosystem; Launchpad; Binance Alpha Spotlight; Echo Launchpad,,,,moved to DEFI
LIGHT,LIGHT,WEB3_INFRA,WEB3_INFRA,APPLIED_FROM_UNCLASSIFIED,bitlight,Bitlight,Infrastructure; BNB Chain Ecosystem; Wallets; Binance Alpha Spotlight,,,,moved to WEB3_INFRA
LYN,LYN,AI,AI,APPLIED_FROM_UNCLASSIFIED,everlyn,Everlyn,Artificial Intelligence (AI); BNB Chain Ecosystem; AI Applications; Capital Launchpad (Kaito),,,,moved to AI
M,M,L1_L2,L1_L2,APPLIED_FROM_UNCLASSIFIED,memecore,MemeCore,Smart Contract Platform; BNB Chain Ecosystem; Layer 1 (L1); Meme; Binance Alpha Spotlight; MemeCore Ecosystem,,,,moved to L1_L2
MEGA,MEGA,L1_L2,L1_L2,APPLIED_FROM_UNCLASSIFIED,megaeth,MegaETH,Smart Contract Platform; Layer 2 (L2); MegaETH Ecosystem,,,,moved to L1_L2
NIGHT,NIGHT,PRIVACY,WEB3_INFRA,APPLIED_FROM_UNCLASSIFIED,midnight-3,Midnight,BNB Chain Ecosystem; Layer 1 (L1); Cardano Ecosystem; Zero Knowledge (ZK); Privacy Blockchain; Binance Alpha Spotlight; Binance Wallet IDO; Privacy,,,,moved to PRIVACY
OPEN,OPEN,L1_L2,L1_L2,APPLIED_FROM_UNCLASSIFIED,openledger-2,OpenLedger,Artificial Intelligence (AI); Smart Contract Platform; BNB Chain Ecosystem; Ethereum Ecosystem; Layer 2 (L2); Rollup; Binance HODLer Airdrops; Binance Alpha Spotlight,,,,moved to L1_L2
OPG,OPG,AI,AI,APPLIED_FROM_UNCLASSIFIED,opengradient,OpenGradient,Artificial Intelligence (AI); Infrastructure; BNB Chain Ecosystem; Mantle Ecosystem; Base Ecosystem; Binance Alpha Spotlight; Binance Wallet IDO,,,,moved to AI
PARTI,PARTI,WEB3_INFRA,DEFI,APPLIED_FROM_UNCLASSIFIED,particle-network,Particle Network,Cross-chain Communication; Binance HODLer Airdrops; Binance Wallet IDO; Account Abstraction; BNB Chain Ecosystem; Base Native; Chain Abstraction; Layer 1 (L1); Base Ecosystem; Decentralized Finance (DeFi),,,,moved to WEB3_INFRA
PIEVERSE,PIEVERSE,AI,AI,APPLIED_FROM_UNCLASSIFIED,pieverse,Pieverse,Artificial Intelligence (AI); BNB Chain Ecosystem; Ethereum Ecosystem; AI Applications; Binance Alpha Spotlight; TimeFi,,,,moved to AI
PRL,PRL,AI,AI,APPLIED_FROM_UNCLASSIFIED,perle,Perle,Artificial Intelligence (AI); Infrastructure; Solana Ecosystem; Binance Alpha Spotlight,,,,moved to AI
PROMPT,PROMPT,AI,AI,APPLIED_FROM_UNCLASSIFIED,wayfinder,Wayfinder,Artificial Intelligence (AI); Base Ecosystem; AI Agents; Binance Alpha Spotlight; DeFAI; Base Native,,,,moved to AI
PTB,PTB,BTC_ECOSYSTEM,AI,APPLIED_FROM_UNCLASSIFIED,portal-to-bitcoin,Portal to Bitcoin,Infrastructure; BNB Chain Ecosystem; Ethereum Ecosystem; Cross-chain Communication; BTCfi Protocol; Binance Alpha Spotlight,,,,moved to BTC_ECOSYSTEM
RAVE,RAVE,UNCLASSIFIED_BYBIT_1M,L1_L2,UNCLASSIFIED_HAS_SUGGESTION,ravedao,RaveDAO,Entertainment; Music; BNB Chain Ecosystem; Ethereum Ecosystem; Base Ecosystem; Binance Alpha Spotlight; Base Native,,,,
RECALL,RECALL,AI,AI,APPLIED_FROM_UNCLASSIFIED,recall,Recall,Artificial Intelligence (AI); Base Ecosystem; AI Agents; Binance Alpha Spotlight; Base Native,,,,moved to AI
RIVER,RIVER,WEB3_INFRA,AI,APPLIED_FROM_UNCLASSIFIED,river,River,BNB Chain Ecosystem; Base Ecosystem; Binance Alpha Spotlight; Chain Abstraction; Binance Wallet IDO; Binance Buildkey TGE; Base Native,,,,moved to WEB3_INFRA
ROBO,ROBO,AI,AI,APPLIED_FROM_UNCLASSIFIED,robo-token-2,Fabric Protocol,Artificial Intelligence (AI); BNB Chain Ecosystem; Ethereum Ecosystem; Base Ecosystem; Virtuals Protocol Ecosystem; Binance Alpha Spotlight; Robotics,,,,moved to AI
SKR,SKR,WEB3_INFRA,L1_L2,APPLIED_FROM_UNCLASSIFIED,seeker,Seeker,Infrastructure; Solana Ecosystem,,,,moved to WEB3_INFRA
STABLE,STABLE,L1_L2,L1_L2,APPLIED_FROM_UNCLASSIFIED,stable-2,​​Stable,Infrastructure; Smart Contract Platform; BNB Chain Ecosystem; Layer 1 (L1); Payment Solutions; Stable Ecosystem,,,,moved to L1_L2
STO,STO,DEFI,DEFI,APPLIED_FROM_UNCLASSIFIED,stakestone,StakeStone,Decentralized Finance (DeFi); BNB Chain Ecosystem; Ethereum Ecosystem; Binance HODLer Airdrops; Binance Wallet IDO,,,,moved to DEFI
TREE,TREE,WEB3_INFRA,L1_L2,APPLIED_FROM_UNCLASSIFIED,tree-capital,Tree,Analytics; Ethereum Ecosystem; Base Ecosystem; Base Native,,,,moved to WEB3_INFRA
TRIA,TRIA,DEFI,DEFI,APPLIED_FROM_UNCLASSIFIED,tria,TRIA,Decentralized Finance (DeFi); BNB Chain Ecosystem; Wallets; Ethereum Ecosystem; Binance Alpha Spotlight; Neobank,,,,moved to DEFI
UB,UB,AI,AI,APPLIED_FROM_UNCLASSIFIED,unibase,Unibase,Artificial Intelligence (AI); Infrastructure; Ethereum Ecosystem; Data Availability; Binance Alpha Spotlight; AI Framework; x402 Ecosystem,,,,moved to AI
USDC,USDC,UNCLASSIFIED_BYBIT_1M,L1_L2,UNCLASSIFIED_HAS_SUGGESTION,usd-coin,USDC,Aptos Ecosystem; Injective Ecosystem; XRP Ledger Ecosystem; Avalanche Ecosystem; Sui Ecosystem; Monad Ecosystem; Solana Ecosystem; Stablecoins; Base Native; XDC Ecosystem; MiCA-Compliant Stablecoin; USD Stablecoin; Algorand Ecosystem; Stellar Ecosystem; World Chain Ecosystem; Moonriver Ecosystem; Morph L2 Ecosystem; Plume Network Ecosystem; Polygon Ecosystem; Optimism Ecosystem; Tron Ecosystem; Made in USA; Near Protocol Ecosystem; Base Ecosystem; World Liberty Financial Portfolio; Fiat-backed Stablecoin; Starknet Ecosystem; Hedera Ecosystem; Ink Ecosystem; Sei Network Ecosystem; HyperEVM Ecosystem; Celo Ecosystem; Arbitrum Ecosystem; Ethereum Ecosystem; Unichain Ecosystem; ZkSync Ecosystem; Sonic Ecosystem,,,,
WET,WET,DEFI,DEFI,APPLIED_FROM_UNCLASSIFIED,humidifi,HumidiFi,Decentralized Exchange (DEX); Decentralized Finance (DeFi); Automated Market Maker (AMM); Solana Ecosystem; MEV Protection; Jupiter DTF Launchpad,,,,moved to DEFI
XAN,XAN,WEB3_INFRA,WEB3_INFRA,APPLIED_FROM_UNCLASSIFIED,anoma,Anoma,Infrastructure; BNB Chain Ecosystem; Ethereum Ecosystem; Zero Knowledge (ZK); Intent; Delphi Ventures Portfolio; Polychain Capital Portfolio; Binance Alpha Spotlight; Privacy Infrastructure; Privacy,,,,moved to WEB3_INFRA
XPIN,XPIN,DEPIN,AI,APPLIED_FROM_UNCLASSIFIED,xpin-network,XPIN Network,Communication; BNB Chain Ecosystem; DePIN; Binance Alpha Spotlight,,,,moved to DEPIN
ZBT,ZBT,L1_L2,L1_L2,APPLIED_FROM_UNCLASSIFIED,zerobase,ZEROBASE,Smart Contract Platform; Decentralized Finance (DeFi); BNB Chain Ecosystem; Ethereum Ecosystem; Zero Knowledge (ZK); Base Ecosystem; Proof of Stake (PoS); YZi Labs (Prev. Binance Labs) Portfolio; Binance HODLer Airdrops; Binance Alpha Spotlight; Binance Wallet IDO; Privacy Infrastructure; Privacy,,,,moved to L1_L2
AIGENSYN,AIGENSYN,AI,,UNVERIFIED,,,,,,,
T,T,BTC_ECOSYSTEM,,UNVERIFIED,,,,,,,
W,W,BTC_ECOSYSTEM,,UNVERIFIED,,,,,,,
SOLAYER,SOLAYER,DEFI,,UNVERIFIED,,,,,,,
THE,THE,DEFI,,UNVERIFIED,,,,,,,
PLAYSOUT,PLAYSOUT,GAMEFI,,UNVERIFIED,,,,,,,
B,B,L1_L2,,UNVERIFIED,,,,,,,
S,S,L1_L2,,UNVERIFIED,,,,,,,
PUMPFUN,PUMPFUN,MEME,,UNVERIFIED,,,,,,,
TSTBSC,TSTBSC,MEME,,UNVERIFIED,,,,,,,
CRWV,CRWV,TOKENIZED_ASSETS,,UNVERIFIED,,,,,,,
INTC,INTC,TOKENIZED_ASSETS,,UNVERIFIED,,,,,,,
MU,MU,TOKENIZED_ASSETS,,UNVERIFIED,,,,,,,
SNDK,SNDK,TOKENIZED_ASSETS,,UNVERIFIED,,,,,,,
XAG,XAG,TOKENIZED_ASSETS,,UNVERIFIED,,,,,,,
C,C,UNCLASSIFIED_BYBIT_1M,,UNVERIFIED,,,,,,,
CL,CL,UNCLASSIFIED_BYBIT_1M,,UNVERIFIED,,,,,,,
EWY,EWY,UNCLASSIFIED_BYBIT_1M,,UNVERIFIED,,,,,,,
F,F,UNCLASSIFIED_BYBIT_1M,,UNVERIFIED,,,,,,,
LA,LA,UNCLASSIFIED_BYBIT_1M,,UNVERIFIED,,,,,,,
LITE,LITE,UNCLASSIFIED_BYBIT_1M,,UNVERIFIED,,,,,,,
SPORTFUN,SPORTFUN,UNCLASSIFIED_BYBIT_1M,,UNVERIFIED,,,,,,,
US,US,UNCLASSIFIED_BYBIT_1M,,UNVERIFIED,,,,,,,
ME,ME,WEB3_INFRA,,UNVERIFIED,,,,,,,
